# Caliboo mascot; coordinates: Y up, Z forward
mtllib mascot.mtl
v -0.44230939 0.28277181 -0.06000000
v -0.40855304 0.29772556 -0.06000000
v -0.40923018 0.29754543 -0.05390213
v -0.41123556 0.29701195 -0.04803859
v -0.41449213 0.29614563 -0.04263472
v -0.41887474 0.29497976 -0.03789820
v -0.42421496 0.29355915 -0.03401103
v -0.43030758 0.29193838 -0.03112260
v -0.43691845 0.29017975 -0.02934392
v -0.44379353 0.28835083 -0.02874333
v -0.45066861 0.28652191 -0.02934392
v -0.45727948 0.28476328 -0.03112260
v -0.46337210 0.28314251 -0.03401103
v -0.46871232 0.28172189 -0.03789820
v -0.47309493 0.28055603 -0.04263472
v -0.47635150 0.27968971 -0.04803859
v -0.47835688 0.27915623 -0.05390213
v -0.47903402 0.27897610 -0.06000000
v -0.47835688 0.27915623 -0.06609787
v -0.47635150 0.27968971 -0.07196141
v -0.47309493 0.28055603 -0.07736528
v -0.46871232 0.28172189 -0.08210180
v -0.46337210 0.28314251 -0.08598897
v -0.45727948 0.28476328 -0.08887740
v -0.45066861 0.28652191 -0.09065608
v -0.44379353 0.28835083 -0.09125667
v -0.43691845 0.29017975 -0.09065608
v -0.43030758 0.29193838 -0.08887740
v -0.42421496 0.29355915 -0.08598897
v -0.41887474 0.29497976 -0.08210180
v -0.41449213 0.29614563 -0.07736528
v -0.41123556 0.29701195 -0.07196141
v -0.40923018 0.29754543 -0.06609787
v -0.37879064 0.32338299 -0.06000000
v -0.38012434 0.32302820 -0.04798953
v -0.38407418 0.32197746 -0.03644062
v -0.39048837 0.32027114 -0.02579708
v -0.39912042 0.31797483 -0.01646794
v -0.40963860 0.31517677 -0.00881172
v -0.42163872 0.31198448 -0.00312263
v -0.43465959 0.30852065 0.00038070
v -0.44820085 0.30491838 0.00156363
v -0.46174212 0.30131611 0.00038070
v -0.47476299 0.29785228 -0.00312263
v -0.48676310 0.29465999 -0.00881172
v -0.49728129 0.29186193 -0.01646794
v -0.50591334 0.28956561 -0.02579708
v -0.51232753 0.28785930 -0.03644062
v -0.51627737 0.28680856 -0.04798953
v -0.51761107 0.28645377 -0.06000000
v -0.51627737 0.28680856 -0.07201047
v -0.51232753 0.28785930 -0.08355938
v -0.50591334 0.28956561 -0.09420292
v -0.49728129 0.29186193 -0.10353206
v -0.48676310 0.29465999 -0.11118828
v -0.47476299 0.29785228 -0.11687737
v -0.46174212 0.30131611 -0.12038070
v -0.44820085 0.30491838 -0.12156363
v -0.43465959 0.30852065 -0.12038070
v -0.42163872 0.31198448 -0.11687737
v -0.40963860 0.31517677 -0.11118828
v -0.39912042 0.31797483 -0.10353206
v -0.39048837 0.32027114 -0.09420292
v -0.38407418 0.32197746 -0.08355938
v -0.38012434 0.32302820 -0.07201047
v -0.35392650 0.35896451 -0.06000000
v -0.35587624 0.35844584 -0.04244187
v -0.36165052 0.35690976 -0.02555849
v -0.37102744 0.35441530 -0.00999868
v -0.38364666 0.35105831 0.00363961
v -0.39902321 0.34696782 0.01483227
v -0.41656620 0.34230101 0.02314916
v -0.43560145 0.33723722 0.02827068
v -0.45539745 0.33197106 0.03000000
v -0.47519345 0.32670489 0.02827068
v -0.49422870 0.32164111 0.02314916
v -0.51177169 0.31697430 0.01483227
v -0.52714825 0.31288380 0.00363961
v -0.53976746 0.30952682 -0.00999868
v -0.54914438 0.30703235 -0.02555849
v -0.55491866 0.30549627 -0.04244187
v -0.55686840 0.30497760 -0.06000000
v -0.55491866 0.30549627 -0.07755813
v -0.54914438 0.30703235 -0.09444151
v -0.53976746 0.30952682 -0.11000132
v -0.52714825 0.31288380 -0.12363961
v -0.51177169 0.31697430 -0.13483227
v -0.49422870 0.32164111 -0.14314916
v -0.47519345 0.32670489 -0.14827068
v -0.45539745 0.33197106 -0.15000000
v -0.43560145 0.33723722 -0.14827068
v -0.41656620 0.34230101 -0.14314916
v -0.39902321 0.34696782 -0.13483227
v -0.38364666 0.35105831 -0.12363961
v -0.37102744 0.35441530 -0.11000132
v -0.36165052 0.35690976 -0.09444151
v -0.35587624 0.35844584 -0.07755813
v -0.33471612 0.40338901 -0.06000000
v -0.33722265 0.40272221 -0.03742770
v -0.34464592 0.40074746 -0.01572285
v -0.35670066 0.39754064 0.00428046
v -0.37292361 0.39322499 0.02181351
v -0.39269133 0.38796635 0.03620251
v -0.41524416 0.38196681 0.04689450
v -0.43971540 0.37545693 0.05347859
v -0.46516465 0.36868688 0.05570177
v -0.49061390 0.36191684 0.05347859
v -0.51508514 0.35540696 0.04689450
v -0.53763797 0.34940742 0.03620251
v -0.55740570 0.34414878 0.02181351
v -0.57362864 0.33983313 0.00428046
v -0.58568338 0.33662631 -0.01572285
v -0.59310666 0.33465156 -0.03742770
v -0.59561319 0.33398476 -0.06000000
v -0.59310666 0.33465156 -0.08257230
v -0.58568338 0.33662631 -0.10427715
v -0.57362864 0.33983313 -0.12428046
v -0.55740570 0.34414878 -0.14181351
v -0.53763797 0.34940742 -0.15620251
v -0.51508514 0.35540696 -0.16689450
v -0.49061390 0.36191684 -0.17347859
v -0.46516465 0.36868688 -0.17570177
v -0.43971540 0.37545693 -0.17347859
v -0.41524416 0.38196681 -0.16689450
v -0.39269133 0.38796635 -0.15620251
v -0.37292361 0.39322499 -0.14181351
v -0.35670066 0.39754064 -0.12428046
v -0.34464592 0.40074746 -0.10427715
v -0.33722265 0.40272221 -0.08257230
v -0.32174318 0.45530665 -0.06000000
v -0.32473034 0.45451199 -0.03309939
v -0.33357705 0.45215858 -0.00723255
v -0.34794333 0.44833684 0.01660647
v -0.36727709 0.44319364 0.03750154
v -0.39083534 0.43692664 0.05464968
v -0.41771276 0.42977667 0.06739190
v -0.44687646 0.42201850 0.07523852
v -0.47720569 0.41395027 0.07788800
v -0.50753492 0.40588204 0.07523852
v -0.53669861 0.39812387 0.06739190
v -0.56357603 0.39097390 0.05464968
v -0.58713428 0.38470689 0.03750154
v -0.60646804 0.37956370 0.01660647
v -0.62083432 0.37574196 -0.00723255
v -0.62968103 0.37338854 -0.03309939
v -0.63266820 0.37259389 -0.06000000
v -0.62968103 0.37338854 -0.08690061
v -0.62083432 0.37574196 -0.11276745
v -0.60646804 0.37956370 -0.13660647
v -0.58713428 0.38470689 -0.15750154
v -0.56357603 0.39097390 -0.17464968
v -0.53669861 0.39812387 -0.18739190
v -0.50753492 0.40588204 -0.19523852
v -0.47720569 0.41395027 -0.19788800
v -0.44687646 0.42201850 -0.19523852
v -0.41771276 0.42977667 -0.18739190
v -0.39083534 0.43692664 -0.17464968
v -0.36727709 0.44319364 -0.15750154
v -0.34794333 0.44833684 -0.13660647
v -0.33357705 0.45215858 -0.11276745
v -0.32473034 0.45451199 -0.08690061
v -0.31540186 0.51313994 -0.06000000
v -0.31877890 0.51224158 -0.02958843
v -0.32878025 0.50958101 -0.00034556
v -0.34502155 0.50526047 0.02660483
v -0.36687867 0.49944600 0.05022704
v -0.39351165 0.49236106 0.06961329
v -0.42389700 0.48427790 0.08401857
v -0.45686702 0.47550716 0.09288929
v -0.49115470 0.46638590 0.09588457
v -0.52544237 0.45726464 0.09288929
v -0.55841239 0.44849391 0.08401857
v -0.58879774 0.44041075 0.06961329
v -0.61543072 0.43332580 0.05022704
v -0.63728784 0.42751134 0.02660483
v -0.65352914 0.42319080 -0.00034556
v -0.66353049 0.42053023 -0.02958843
v -0.66690753 0.41963186 -0.06000000
v -0.66353049 0.42053023 -0.09041157
v -0.65352914 0.42319080 -0.11965444
v -0.63728784 0.42751134 -0.14660483
v -0.61543072 0.43332580 -0.17022704
v -0.58879774 0.44041075 -0.18961329
v -0.55841239 0.44849391 -0.20401857
v -0.52544237 0.45726464 -0.21288929
v -0.49115470 0.46638590 -0.21588457
v -0.45686702 0.47550716 -0.21288929
v -0.42389700 0.48427790 -0.20401857
v -0.39351165 0.49236106 -0.18961329
v -0.36687867 0.49944600 -0.17022704
v -0.34502155 0.50526047 -0.14660483
v -0.32878025 0.50958101 -0.11965444
v -0.31877890 0.51224158 -0.09041157
v -0.31588484 0.57513167 -0.06000000
v -0.31954915 0.57415688 -0.02700151
v -0.33040124 0.57126999 0.00472886
v -0.34802409 0.56658193 0.03397174
v -0.37174046 0.56027287 0.05960334
v -0.40063893 0.55258525 0.08063865
v -0.43360896 0.54381452 0.09626930
v -0.46938353 0.53429771 0.10589460
v -0.50658784 0.52440056 0.10914467
v -0.54379215 0.51450341 0.10589460
v -0.57956672 0.50498661 0.09626930
v -0.61253675 0.49621587 0.08063865
v -0.64143523 0.48852825 0.05960334
v -0.66515159 0.48221919 0.03397174
v -0.68277444 0.47753113 0.00472886
v -0.69362654 0.47464424 -0.02700151
v -0.69729085 0.47366945 -0.06000000
v -0.69362654 0.47464424 -0.09299849
v -0.68277444 0.47753113 -0.12472886
v -0.66515159 0.48221919 -0.15397174
v -0.64143523 0.48852825 -0.17960334
v -0.61253675 0.49621587 -0.20063865
v -0.57956672 0.50498661 -0.21626930
v -0.54379215 0.51450341 -0.22589460
v -0.50658784 0.52440056 -0.22914467
v -0.46938353 0.53429771 -0.22589460
v -0.43360896 0.54381452 -0.21626930
v -0.40063893 0.55258525 -0.20063865
v -0.37174046 0.56027287 -0.17960334
v -0.34802409 0.56658193 -0.15397174
v -0.33040124 0.57126999 -0.12472886
v -0.31954915 0.57415688 -0.09299849
v -0.32317745 0.63939823 -0.06000000
v -0.32701768 0.63837664 -0.02541724
v -0.33839079 0.63535115 0.00783653
v -0.35685972 0.63043802 0.03848338
v -0.38171472 0.62382605 0.06534556
v -0.41200063 0.61576935 0.08739079
v -0.44655357 0.60657752 0.10377187
v -0.48404570 0.59660381 0.11385929
v -0.52303620 0.58623149 0.11726540
v -0.56202671 0.57585918 0.11385929
v -0.59951884 0.56588547 0.10377187
v -0.63407178 0.55669364 0.08739079
v -0.66435768 0.54863694 0.06534556
v -0.68921268 0.54202497 0.03848338
v -0.70768161 0.53711184 0.00783653
v -0.71905473 0.53408634 -0.02541724
v -0.72289496 0.53306476 -0.06000000
v -0.71905473 0.53408634 -0.09458276
v -0.70768161 0.53711184 -0.12783653
v -0.68921268 0.54202497 -0.15848338
v -0.66435768 0.54863694 -0.18534556
v -0.63407178 0.55669364 -0.20739079
v -0.59951884 0.56588547 -0.22377187
v -0.56202671 0.57585918 -0.23385929
v -0.52303620 0.58623149 -0.23726540
v -0.48404570 0.59660381 -0.23385929
v -0.44655357 0.60657752 -0.22377187
v -0.41200063 0.61576935 -0.20739079
v -0.38171472 0.62382605 -0.18534556
v -0.35685972 0.63043802 -0.15848338
v -0.33839079 0.63535115 -0.12783653
v -0.32701768 0.63837664 -0.09458276
v -0.33705810 0.70398692 -0.06000000
v -0.34095758 0.70294957 -0.02488374
v -0.35250614 0.69987741 0.00888302
v -0.37125998 0.69488848 0.04000264
v -0.39649841 0.68817451 0.06727922
v -0.42725152 0.67999352 0.08966453
v -0.46233750 0.67065990 0.10629832
v -0.50040800 0.66053232 0.11654135
v -0.54000000 0.65000000 0.12000000
v -0.57959200 0.63946768 0.11654135
v -0.61766250 0.62934010 0.10629832
v -0.65274848 0.62000648 0.08966453
v -0.68350159 0.61182549 0.06727922
v -0.70874002 0.60511152 0.04000264
v -0.72749386 0.60012259 0.00888302
v -0.73904242 0.59705043 -0.02488374
v -0.74294190 0.59601308 -0.06000000
v -0.73904242 0.59705043 -0.09511626
v -0.72749386 0.60012259 -0.12888302
v -0.70874002 0.60511152 -0.16000264
v -0.68350159 0.61182549 -0.18727922
v -0.65274848 0.62000648 -0.20966453
v -0.61766250 0.62934010 -0.22629832
v -0.57959200 0.63946768 -0.23654135
v -0.54000000 0.65000000 -0.24000000
v -0.50040800 0.66053232 -0.23654135
v -0.46233750 0.67065990 -0.22629832
v -0.42725152 0.67999352 -0.20966453
v -0.39649841 0.68817451 -0.18727922
v -0.37125998 0.69488848 -0.16000264
v -0.35250614 0.69987741 -0.12888302
v -0.34095758 0.70294957 -0.09511626
v -0.35710504 0.76693524 -0.06000000
v -0.36094527 0.76591366 -0.02541724
v -0.37231839 0.76288816 0.00783653
v -0.39078732 0.75797503 0.03848338
v -0.41564232 0.75136306 0.06534556
v -0.44592822 0.74330636 0.08739079
v -0.48048116 0.73411453 0.10377187
v -0.51797329 0.72414082 0.11385929
v -0.55696380 0.71376851 0.11726540
v -0.59595430 0.70339619 0.11385929
v -0.63344643 0.69342248 0.10377187
v -0.66799937 0.68423065 0.08739079
v -0.69828528 0.67617395 0.06534556
v -0.72314028 0.66956198 0.03848338
v -0.74160921 0.66464885 0.00783653
v -0.75298232 0.66162336 -0.02541724
v -0.75682255 0.66060177 -0.06000000
v -0.75298232 0.66162336 -0.09458276
v -0.74160921 0.66464885 -0.12783653
v -0.72314028 0.66956198 -0.15848338
v -0.69828528 0.67617395 -0.18534556
v -0.66799937 0.68423065 -0.20739079
v -0.63344643 0.69342248 -0.22377187
v -0.59595430 0.70339619 -0.23385929
v -0.55696380 0.71376851 -0.23726540
v -0.51797329 0.72414082 -0.23385929
v -0.48048116 0.73411453 -0.22377187
v -0.44592822 0.74330636 -0.20739079
v -0.41564232 0.75136306 -0.18534556
v -0.39078732 0.75797503 -0.15848338
v -0.37231839 0.76288816 -0.12783653
v -0.36094527 0.76591366 -0.09458276
v -0.38270915 0.82633055 -0.06000000
v -0.38637346 0.82535576 -0.02700151
v -0.39722556 0.82246887 0.00472886
v -0.41484841 0.81778081 0.03397174
v -0.43856477 0.81147175 0.05960334
v -0.46746325 0.80378413 0.08063865
v -0.50043328 0.79501339 0.09626930
v -0.53620785 0.78549659 0.10589460
v -0.57341216 0.77559944 0.10914467
v -0.61061647 0.76570229 0.10589460
v -0.64639104 0.75618548 0.09626930
v -0.67936107 0.74741475 0.08063865
v -0.70825954 0.73972713 0.05960334
v -0.73197591 0.73341807 0.03397174
v -0.74959876 0.72873001 0.00472886
v -0.76045085 0.72584312 -0.02700151
v -0.76411516 0.72486833 -0.06000000
v -0.76045085 0.72584312 -0.09299849
v -0.74959876 0.72873001 -0.12472886
v -0.73197591 0.73341807 -0.15397174
v -0.70825954 0.73972713 -0.17960334
v -0.67936107 0.74741475 -0.20063865
v -0.64639104 0.75618548 -0.21626930
v -0.61061647 0.76570229 -0.22589460
v -0.57341216 0.77559944 -0.22914467
v -0.53620785 0.78549659 -0.22589460
v -0.50043328 0.79501339 -0.21626930
v -0.46746325 0.80378413 -0.20063865
v -0.43856477 0.81147175 -0.17960334
v -0.41484841 0.81778081 -0.15397174
v -0.39722556 0.82246887 -0.12472886
v -0.38637346 0.82535576 -0.09299849
v -0.41309247 0.88036814 -0.06000000
v -0.41646951 0.87946977 -0.02958843
v -0.42647086 0.87680920 -0.00034556
v -0.44271216 0.87248866 0.02660483
v -0.46456928 0.86667420 0.05022704
v -0.49120226 0.85958925 0.06961329
v -0.52158761 0.85150609 0.08401857
v -0.55455763 0.84273536 0.09288929
v -0.58884530 0.83361410 0.09588457
v -0.62313298 0.82449284 0.09288929
v -0.65610300 0.81572210 0.08401857
v -0.68648835 0.80763894 0.06961329
v -0.71312133 0.80055400 0.05022704
v -0.73497845 0.79473953 0.02660483
v -0.75121975 0.79041899 -0.00034556
v -0.76122110 0.78775842 -0.02958843
v -0.76459814 0.78686006 -0.06000000
v -0.76122110 0.78775842 -0.09041157
v -0.75121975 0.79041899 -0.11965444
v -0.73497845 0.79473953 -0.14660483
v -0.71312133 0.80055400 -0.17022704
v -0.68648835 0.80763894 -0.18961329
v -0.65610300 0.81572210 -0.20401857
v -0.62313298 0.82449284 -0.21288929
v -0.58884530 0.83361410 -0.21588457
v -0.55455763 0.84273536 -0.21288929
v -0.52158761 0.85150609 -0.20401857
v -0.49120226 0.85958925 -0.18961329
v -0.46456928 0.86667420 -0.17022704
v -0.44271216 0.87248866 -0.14660483
v -0.42647086 0.87680920 -0.11965444
v -0.41646951 0.87946977 -0.09041157
v -0.44733180 0.92740611 -0.06000000
v -0.45031897 0.92661146 -0.03309939
v -0.45916568 0.92425804 -0.00723255
v -0.47353196 0.92043630 0.01660647
v -0.49286572 0.91529311 0.03750154
v -0.51642397 0.90902610 0.05464968
v -0.54330139 0.90187613 0.06739190
v -0.57246508 0.89411796 0.07523852
v -0.60279431 0.88604973 0.07788800
v -0.63312354 0.87798150 0.07523852
v -0.66228724 0.87022333 0.06739190
v -0.68916466 0.86307336 0.05464968
v -0.71272291 0.85680636 0.03750154
v -0.73205667 0.85166316 0.01660647
v -0.74642295 0.84784142 -0.00723255
v -0.75526966 0.84548801 -0.03309939
v -0.75825682 0.84469335 -0.06000000
v -0.75526966 0.84548801 -0.08690061
v -0.74642295 0.84784142 -0.11276745
v -0.73205667 0.85166316 -0.13660647
v -0.71272291 0.85680636 -0.15750154
v -0.68916466 0.86307336 -0.17464968
v -0.66228724 0.87022333 -0.18739190
v -0.63312354 0.87798150 -0.19523852
v -0.60279431 0.88604973 -0.19788800
v -0.57246508 0.89411796 -0.19523852
v -0.54330139 0.90187613 -0.18739190
v -0.51642397 0.90902610 -0.17464968
v -0.49286572 0.91529311 -0.15750154
v -0.47353196 0.92043630 -0.13660647
v -0.45916568 0.92425804 -0.11276745
v -0.45031897 0.92661146 -0.08690061
v -0.48438681 0.96601524 -0.06000000
v -0.48689334 0.96534844 -0.03742770
v -0.49431662 0.96337369 -0.01572285
v -0.50637136 0.96016687 0.00428046
v -0.52259430 0.95585122 0.02181351
v -0.54236203 0.95059258 0.03620251
v -0.56491486 0.94459304 0.04689450
v -0.58938610 0.93808316 0.05347859
v -0.61483535 0.93131312 0.05570177
v -0.64028460 0.92454307 0.05347859
v -0.66475584 0.91803319 0.04689450
v -0.68730867 0.91203365 0.03620251
v -0.70707639 0.90677501 0.02181351
v -0.72329934 0.90245936 0.00428046
v -0.73535408 0.89925254 -0.01572285
v -0.74277735 0.89727779 -0.03742770
v -0.74528388 0.89661099 -0.06000000
v -0.74277735 0.89727779 -0.08257230
v -0.73535408 0.89925254 -0.10427715
v -0.72329934 0.90245936 -0.12428046
v -0.70707639 0.90677501 -0.14181351
v -0.68730867 0.91203365 -0.15620251
v -0.66475584 0.91803319 -0.16689450
v -0.64028460 0.92454307 -0.17347859
v -0.61483535 0.93131312 -0.17570177
v -0.58938610 0.93808316 -0.17347859
v -0.56491486 0.94459304 -0.16689450
v -0.54236203 0.95059258 -0.15620251
v -0.52259430 0.95585122 -0.14181351
v -0.50637136 0.96016687 -0.12428046
v -0.49431662 0.96337369 -0.10427715
v -0.48689334 0.96534844 -0.08257230
v -0.52313160 0.99502240 -0.06000000
v -0.52508134 0.99450373 -0.04244187
v -0.53085562 0.99296765 -0.02555849
v -0.54023254 0.99047318 -0.00999868
v -0.55285175 0.98711620 0.00363961
v -0.56822831 0.98302570 0.01483227
v -0.58577130 0.97835889 0.02314916
v -0.60480655 0.97329511 0.02827068
v -0.62460255 0.96802894 0.03000000
v -0.64439855 0.96276278 0.02827068
v -0.66343380 0.95769899 0.02314916
v -0.68097679 0.95303218 0.01483227
v -0.69635334 0.94894169 0.00363961
v -0.70897256 0.94558470 -0.00999868
v -0.71834948 0.94309024 -0.02555849
v -0.72412376 0.94155416 -0.04244187
v -0.72607350 0.94103549 -0.06000000
v -0.72412376 0.94155416 -0.07755813
v -0.71834948 0.94309024 -0.09444151
v -0.70897256 0.94558470 -0.11000132
v -0.69635334 0.94894169 -0.12363961
v -0.68097679 0.95303218 -0.13483227
v -0.66343380 0.95769899 -0.14314916
v -0.64439855 0.96276278 -0.14827068
v -0.62460255 0.96802894 -0.15000000
v -0.60480655 0.97329511 -0.14827068
v -0.58577130 0.97835889 -0.14314916
v -0.56822831 0.98302570 -0.13483227
v -0.55285175 0.98711620 -0.12363961
v -0.54023254 0.99047318 -0.11000132
v -0.53085562 0.99296765 -0.09444151
v -0.52508134 0.99450373 -0.07755813
v -0.56238893 1.01354623 -0.06000000
v -0.56372263 1.01319144 -0.04798953
v -0.56767247 1.01214070 -0.03644062
v -0.57408666 1.01043439 -0.02579708
v -0.58271871 1.00813807 -0.01646794
v -0.59323690 1.00534001 -0.00881172
v -0.60523701 1.00214772 -0.00312263
v -0.61825788 0.99868389 0.00038070
v -0.63179915 0.99508162 0.00156363
v -0.64534041 0.99147935 0.00038070
v -0.65836128 0.98801552 -0.00312263
v -0.67036140 0.98482323 -0.00881172
v -0.68087958 0.98202517 -0.01646794
v -0.68951163 0.97972886 -0.02579708
v -0.69592582 0.97802254 -0.03644062
v -0.69987566 0.97697180 -0.04798953
v -0.70120936 0.97661701 -0.06000000
v -0.69987566 0.97697180 -0.07201047
v -0.69592582 0.97802254 -0.08355938
v -0.68951163 0.97972886 -0.09420292
v -0.68087958 0.98202517 -0.10353206
v -0.67036140 0.98482323 -0.11118828
v -0.65836128 0.98801552 -0.11687737
v -0.64534041 0.99147935 -0.12038070
v -0.63179915 0.99508162 -0.12156363
v -0.61825788 0.99868389 -0.12038070
v -0.60523701 1.00214772 -0.11687737
v -0.59323690 1.00534001 -0.11118828
v -0.58271871 1.00813807 -0.10353206
v -0.57408666 1.01043439 -0.09420292
v -0.56767247 1.01214070 -0.08355938
v -0.56372263 1.01319144 -0.07201047
v -0.60096598 1.02102390 -0.06000000
v -0.60164312 1.02084377 -0.05390213
v -0.60364850 1.02031029 -0.04803859
v -0.60690507 1.01944397 -0.04263472
v -0.61128768 1.01827811 -0.03789820
v -0.61662790 1.01685749 -0.03401103
v -0.62272052 1.01523672 -0.03112260
v -0.62933139 1.01347809 -0.02934392
v -0.63620647 1.01164917 -0.02874333
v -0.64308155 1.00982025 -0.02934392
v -0.64969242 1.00806162 -0.03112260
v -0.65578504 1.00644085 -0.03401103
v -0.66112526 1.00502024 -0.03789820
v -0.66550787 1.00385437 -0.04263472
v -0.66876444 1.00298805 -0.04803859
v -0.67076982 1.00245457 -0.05390213
v -0.67144696 1.00227444 -0.06000000
v -0.67076982 1.00245457 -0.06609787
v -0.66876444 1.00298805 -0.07196141
v -0.66550787 1.00385437 -0.07736528
v -0.66112526 1.00502024 -0.08210180
v -0.65578504 1.00644085 -0.08598897
v -0.64969242 1.00806162 -0.08887740
v -0.64308155 1.00982025 -0.09065608
v -0.63620647 1.01164917 -0.09125667
v -0.62933139 1.01347809 -0.09065608
v -0.62272052 1.01523672 -0.08887740
v -0.61662790 1.01685749 -0.08598897
v -0.61128768 1.01827811 -0.08210180
v -0.60690507 1.01944397 -0.07736528
v -0.60364850 1.02031029 -0.07196141
v -0.60164312 1.02084377 -0.06609787
v -0.63769061 1.01722819 -0.06000000
v 0.44230939 0.28277181 -0.06000000
v 0.47903402 0.27897610 -0.06000000
v 0.47835688 0.27915623 -0.05390213
v 0.47635150 0.27968971 -0.04803859
v 0.47309493 0.28055603 -0.04263472
v 0.46871232 0.28172189 -0.03789820
v 0.46337210 0.28314251 -0.03401103
v 0.45727948 0.28476328 -0.03112260
v 0.45066861 0.28652191 -0.02934392
v 0.44379353 0.28835083 -0.02874333
v 0.43691845 0.29017975 -0.02934392
v 0.43030758 0.29193838 -0.03112260
v 0.42421496 0.29355915 -0.03401103
v 0.41887474 0.29497976 -0.03789820
v 0.41449213 0.29614563 -0.04263472
v 0.41123556 0.29701195 -0.04803859
v 0.40923018 0.29754543 -0.05390213
v 0.40855304 0.29772556 -0.06000000
v 0.40923018 0.29754543 -0.06609787
v 0.41123556 0.29701195 -0.07196141
v 0.41449213 0.29614563 -0.07736528
v 0.41887474 0.29497976 -0.08210180
v 0.42421496 0.29355915 -0.08598897
v 0.43030758 0.29193838 -0.08887740
v 0.43691845 0.29017975 -0.09065608
v 0.44379353 0.28835083 -0.09125667
v 0.45066861 0.28652191 -0.09065608
v 0.45727948 0.28476328 -0.08887740
v 0.46337210 0.28314251 -0.08598897
v 0.46871232 0.28172189 -0.08210180
v 0.47309493 0.28055603 -0.07736528
v 0.47635150 0.27968971 -0.07196141
v 0.47835688 0.27915623 -0.06609787
v 0.51761107 0.28645377 -0.06000000
v 0.51627737 0.28680856 -0.04798953
v 0.51232753 0.28785930 -0.03644062
v 0.50591334 0.28956561 -0.02579708
v 0.49728129 0.29186193 -0.01646794
v 0.48676310 0.29465999 -0.00881172
v 0.47476299 0.29785228 -0.00312263
v 0.46174212 0.30131611 0.00038070
v 0.44820085 0.30491838 0.00156363
v 0.43465959 0.30852065 0.00038070
v 0.42163872 0.31198448 -0.00312263
v 0.40963860 0.31517677 -0.00881172
v 0.39912042 0.31797483 -0.01646794
v 0.39048837 0.32027114 -0.02579708
v 0.38407418 0.32197746 -0.03644062
v 0.38012434 0.32302820 -0.04798953
v 0.37879064 0.32338299 -0.06000000
v 0.38012434 0.32302820 -0.07201047
v 0.38407418 0.32197746 -0.08355938
v 0.39048837 0.32027114 -0.09420292
v 0.39912042 0.31797483 -0.10353206
v 0.40963860 0.31517677 -0.11118828
v 0.42163872 0.31198448 -0.11687737
v 0.43465959 0.30852065 -0.12038070
v 0.44820085 0.30491838 -0.12156363
v 0.46174212 0.30131611 -0.12038070
v 0.47476299 0.29785228 -0.11687737
v 0.48676310 0.29465999 -0.11118828
v 0.49728129 0.29186193 -0.10353206
v 0.50591334 0.28956561 -0.09420292
v 0.51232753 0.28785930 -0.08355938
v 0.51627737 0.28680856 -0.07201047
v 0.55686840 0.30497760 -0.06000000
v 0.55491866 0.30549627 -0.04244187
v 0.54914438 0.30703235 -0.02555849
v 0.53976746 0.30952682 -0.00999868
v 0.52714825 0.31288380 0.00363961
v 0.51177169 0.31697430 0.01483227
v 0.49422870 0.32164111 0.02314916
v 0.47519345 0.32670489 0.02827068
v 0.45539745 0.33197106 0.03000000
v 0.43560145 0.33723722 0.02827068
v 0.41656620 0.34230101 0.02314916
v 0.39902321 0.34696782 0.01483227
v 0.38364666 0.35105831 0.00363961
v 0.37102744 0.35441530 -0.00999868
v 0.36165052 0.35690976 -0.02555849
v 0.35587624 0.35844584 -0.04244187
v 0.35392650 0.35896451 -0.06000000
v 0.35587624 0.35844584 -0.07755813
v 0.36165052 0.35690976 -0.09444151
v 0.37102744 0.35441530 -0.11000132
v 0.38364666 0.35105831 -0.12363961
v 0.39902321 0.34696782 -0.13483227
v 0.41656620 0.34230101 -0.14314916
v 0.43560145 0.33723722 -0.14827068
v 0.45539745 0.33197106 -0.15000000
v 0.47519345 0.32670489 -0.14827068
v 0.49422870 0.32164111 -0.14314916
v 0.51177169 0.31697430 -0.13483227
v 0.52714825 0.31288380 -0.12363961
v 0.53976746 0.30952682 -0.11000132
v 0.54914438 0.30703235 -0.09444151
v 0.55491866 0.30549627 -0.07755813
v 0.59561319 0.33398476 -0.06000000
v 0.59310666 0.33465156 -0.03742770
v 0.58568338 0.33662631 -0.01572285
v 0.57362864 0.33983313 0.00428046
v 0.55740570 0.34414878 0.02181351
v 0.53763797 0.34940742 0.03620251
v 0.51508514 0.35540696 0.04689450
v 0.49061390 0.36191684 0.05347859
v 0.46516465 0.36868688 0.05570177
v 0.43971540 0.37545693 0.05347859
v 0.41524416 0.38196681 0.04689450
v 0.39269133 0.38796635 0.03620251
v 0.37292361 0.39322499 0.02181351
v 0.35670066 0.39754064 0.00428046
v 0.34464592 0.40074746 -0.01572285
v 0.33722265 0.40272221 -0.03742770
v 0.33471612 0.40338901 -0.06000000
v 0.33722265 0.40272221 -0.08257230
v 0.34464592 0.40074746 -0.10427715
v 0.35670066 0.39754064 -0.12428046
v 0.37292361 0.39322499 -0.14181351
v 0.39269133 0.38796635 -0.15620251
v 0.41524416 0.38196681 -0.16689450
v 0.43971540 0.37545693 -0.17347859
v 0.46516465 0.36868688 -0.17570177
v 0.49061390 0.36191684 -0.17347859
v 0.51508514 0.35540696 -0.16689450
v 0.53763797 0.34940742 -0.15620251
v 0.55740570 0.34414878 -0.14181351
v 0.57362864 0.33983313 -0.12428046
v 0.58568338 0.33662631 -0.10427715
v 0.59310666 0.33465156 -0.08257230
v 0.63266820 0.37259389 -0.06000000
v 0.62968103 0.37338854 -0.03309939
v 0.62083432 0.37574196 -0.00723255
v 0.60646804 0.37956370 0.01660647
v 0.58713428 0.38470689 0.03750154
v 0.56357603 0.39097390 0.05464968
v 0.53669861 0.39812387 0.06739190
v 0.50753492 0.40588204 0.07523852
v 0.47720569 0.41395027 0.07788800
v 0.44687646 0.42201850 0.07523852
v 0.41771276 0.42977667 0.06739190
v 0.39083534 0.43692664 0.05464968
v 0.36727709 0.44319364 0.03750154
v 0.34794333 0.44833684 0.01660647
v 0.33357705 0.45215858 -0.00723255
v 0.32473034 0.45451199 -0.03309939
v 0.32174318 0.45530665 -0.06000000
v 0.32473034 0.45451199 -0.08690061
v 0.33357705 0.45215858 -0.11276745
v 0.34794333 0.44833684 -0.13660647
v 0.36727709 0.44319364 -0.15750154
v 0.39083534 0.43692664 -0.17464968
v 0.41771276 0.42977667 -0.18739190
v 0.44687646 0.42201850 -0.19523852
v 0.47720569 0.41395027 -0.19788800
v 0.50753492 0.40588204 -0.19523852
v 0.53669861 0.39812387 -0.18739190
v 0.56357603 0.39097390 -0.17464968
v 0.58713428 0.38470689 -0.15750154
v 0.60646804 0.37956370 -0.13660647
v 0.62083432 0.37574196 -0.11276745
v 0.62968103 0.37338854 -0.08690061
v 0.66690753 0.41963186 -0.06000000
v 0.66353049 0.42053023 -0.02958843
v 0.65352914 0.42319080 -0.00034556
v 0.63728784 0.42751134 0.02660483
v 0.61543072 0.43332580 0.05022704
v 0.58879774 0.44041075 0.06961329
v 0.55841239 0.44849391 0.08401857
v 0.52544237 0.45726464 0.09288929
v 0.49115470 0.46638590 0.09588457
v 0.45686702 0.47550716 0.09288929
v 0.42389700 0.48427790 0.08401857
v 0.39351165 0.49236106 0.06961329
v 0.36687867 0.49944600 0.05022704
v 0.34502155 0.50526047 0.02660483
v 0.32878025 0.50958101 -0.00034556
v 0.31877890 0.51224158 -0.02958843
v 0.31540186 0.51313994 -0.06000000
v 0.31877890 0.51224158 -0.09041157
v 0.32878025 0.50958101 -0.11965444
v 0.34502155 0.50526047 -0.14660483
v 0.36687867 0.49944600 -0.17022704
v 0.39351165 0.49236106 -0.18961329
v 0.42389700 0.48427790 -0.20401857
v 0.45686702 0.47550716 -0.21288929
v 0.49115470 0.46638590 -0.21588457
v 0.52544237 0.45726464 -0.21288929
v 0.55841239 0.44849391 -0.20401857
v 0.58879774 0.44041075 -0.18961329
v 0.61543072 0.43332580 -0.17022704
v 0.63728784 0.42751134 -0.14660483
v 0.65352914 0.42319080 -0.11965444
v 0.66353049 0.42053023 -0.09041157
v 0.69729085 0.47366945 -0.06000000
v 0.69362654 0.47464424 -0.02700151
v 0.68277444 0.47753113 0.00472886
v 0.66515159 0.48221919 0.03397174
v 0.64143523 0.48852825 0.05960334
v 0.61253675 0.49621587 0.08063865
v 0.57956672 0.50498661 0.09626930
v 0.54379215 0.51450341 0.10589460
v 0.50658784 0.52440056 0.10914467
v 0.46938353 0.53429771 0.10589460
v 0.43360896 0.54381452 0.09626930
v 0.40063893 0.55258525 0.08063865
v 0.37174046 0.56027287 0.05960334
v 0.34802409 0.56658193 0.03397174
v 0.33040124 0.57126999 0.00472886
v 0.31954915 0.57415688 -0.02700151
v 0.31588484 0.57513167 -0.06000000
v 0.31954915 0.57415688 -0.09299849
v 0.33040124 0.57126999 -0.12472886
v 0.34802409 0.56658193 -0.15397174
v 0.37174046 0.56027287 -0.17960334
v 0.40063893 0.55258525 -0.20063865
v 0.43360896 0.54381452 -0.21626930
v 0.46938353 0.53429771 -0.22589460
v 0.50658784 0.52440056 -0.22914467
v 0.54379215 0.51450341 -0.22589460
v 0.57956672 0.50498661 -0.21626930
v 0.61253675 0.49621587 -0.20063865
v 0.64143523 0.48852825 -0.17960334
v 0.66515159 0.48221919 -0.15397174
v 0.68277444 0.47753113 -0.12472886
v 0.69362654 0.47464424 -0.09299849
v 0.72289496 0.53306476 -0.06000000
v 0.71905473 0.53408634 -0.02541724
v 0.70768161 0.53711184 0.00783653
v 0.68921268 0.54202497 0.03848338
v 0.66435768 0.54863694 0.06534556
v 0.63407178 0.55669364 0.08739079
v 0.59951884 0.56588547 0.10377187
v 0.56202671 0.57585918 0.11385929
v 0.52303620 0.58623149 0.11726540
v 0.48404570 0.59660381 0.11385929
v 0.44655357 0.60657752 0.10377187
v 0.41200063 0.61576935 0.08739079
v 0.38171472 0.62382605 0.06534556
v 0.35685972 0.63043802 0.03848338
v 0.33839079 0.63535115 0.00783653
v 0.32701768 0.63837664 -0.02541724
v 0.32317745 0.63939823 -0.06000000
v 0.32701768 0.63837664 -0.09458276
v 0.33839079 0.63535115 -0.12783653
v 0.35685972 0.63043802 -0.15848338
v 0.38171472 0.62382605 -0.18534556
v 0.41200063 0.61576935 -0.20739079
v 0.44655357 0.60657752 -0.22377187
v 0.48404570 0.59660381 -0.23385929
v 0.52303620 0.58623149 -0.23726540
v 0.56202671 0.57585918 -0.23385929
v 0.59951884 0.56588547 -0.22377187
v 0.63407178 0.55669364 -0.20739079
v 0.66435768 0.54863694 -0.18534556
v 0.68921268 0.54202497 -0.15848338
v 0.70768161 0.53711184 -0.12783653
v 0.71905473 0.53408634 -0.09458276
v 0.74294190 0.59601308 -0.06000000
v 0.73904242 0.59705043 -0.02488374
v 0.72749386 0.60012259 0.00888302
v 0.70874002 0.60511152 0.04000264
v 0.68350159 0.61182549 0.06727922
v 0.65274848 0.62000648 0.08966453
v 0.61766250 0.62934010 0.10629832
v 0.57959200 0.63946768 0.11654135
v 0.54000000 0.65000000 0.12000000
v 0.50040800 0.66053232 0.11654135
v 0.46233750 0.67065990 0.10629832
v 0.42725152 0.67999352 0.08966453
v 0.39649841 0.68817451 0.06727922
v 0.37125998 0.69488848 0.04000264
v 0.35250614 0.69987741 0.00888302
v 0.34095758 0.70294957 -0.02488374
v 0.33705810 0.70398692 -0.06000000
v 0.34095758 0.70294957 -0.09511626
v 0.35250614 0.69987741 -0.12888302
v 0.37125998 0.69488848 -0.16000264
v 0.39649841 0.68817451 -0.18727922
v 0.42725152 0.67999352 -0.20966453
v 0.46233750 0.67065990 -0.22629832
v 0.50040800 0.66053232 -0.23654135
v 0.54000000 0.65000000 -0.24000000
v 0.57959200 0.63946768 -0.23654135
v 0.61766250 0.62934010 -0.22629832
v 0.65274848 0.62000648 -0.20966453
v 0.68350159 0.61182549 -0.18727922
v 0.70874002 0.60511152 -0.16000264
v 0.72749386 0.60012259 -0.12888302
v 0.73904242 0.59705043 -0.09511626
v 0.75682255 0.66060177 -0.06000000
v 0.75298232 0.66162336 -0.02541724
v 0.74160921 0.66464885 0.00783653
v 0.72314028 0.66956198 0.03848338
v 0.69828528 0.67617395 0.06534556
v 0.66799937 0.68423065 0.08739079
v 0.63344643 0.69342248 0.10377187
v 0.59595430 0.70339619 0.11385929
v 0.55696380 0.71376851 0.11726540
v 0.51797329 0.72414082 0.11385929
v 0.48048116 0.73411453 0.10377187
v 0.44592822 0.74330636 0.08739079
v 0.41564232 0.75136306 0.06534556
v 0.39078732 0.75797503 0.03848338
v 0.37231839 0.76288816 0.00783653
v 0.36094527 0.76591366 -0.02541724
v 0.35710504 0.76693524 -0.06000000
v 0.36094527 0.76591366 -0.09458276
v 0.37231839 0.76288816 -0.12783653
v 0.39078732 0.75797503 -0.15848338
v 0.41564232 0.75136306 -0.18534556
v 0.44592822 0.74330636 -0.20739079
v 0.48048116 0.73411453 -0.22377187
v 0.51797329 0.72414082 -0.23385929
v 0.55696380 0.71376851 -0.23726540
v 0.59595430 0.70339619 -0.23385929
v 0.63344643 0.69342248 -0.22377187
v 0.66799937 0.68423065 -0.20739079
v 0.69828528 0.67617395 -0.18534556
v 0.72314028 0.66956198 -0.15848338
v 0.74160921 0.66464885 -0.12783653
v 0.75298232 0.66162336 -0.09458276
v 0.76411516 0.72486833 -0.06000000
v 0.76045085 0.72584312 -0.02700151
v 0.74959876 0.72873001 0.00472886
v 0.73197591 0.73341807 0.03397174
v 0.70825954 0.73972713 0.05960334
v 0.67936107 0.74741475 0.08063865
v 0.64639104 0.75618548 0.09626930
v 0.61061647 0.76570229 0.10589460
v 0.57341216 0.77559944 0.10914467
v 0.53620785 0.78549659 0.10589460
v 0.50043328 0.79501339 0.09626930
v 0.46746325 0.80378413 0.08063865
v 0.43856477 0.81147175 0.05960334
v 0.41484841 0.81778081 0.03397174
v 0.39722556 0.82246887 0.00472886
v 0.38637346 0.82535576 -0.02700151
v 0.38270915 0.82633055 -0.06000000
v 0.38637346 0.82535576 -0.09299849
v 0.39722556 0.82246887 -0.12472886
v 0.41484841 0.81778081 -0.15397174
v 0.43856477 0.81147175 -0.17960334
v 0.46746325 0.80378413 -0.20063865
v 0.50043328 0.79501339 -0.21626930
v 0.53620785 0.78549659 -0.22589460
v 0.57341216 0.77559944 -0.22914467
v 0.61061647 0.76570229 -0.22589460
v 0.64639104 0.75618548 -0.21626930
v 0.67936107 0.74741475 -0.20063865
v 0.70825954 0.73972713 -0.17960334
v 0.73197591 0.73341807 -0.15397174
v 0.74959876 0.72873001 -0.12472886
v 0.76045085 0.72584312 -0.09299849
v 0.76459814 0.78686006 -0.06000000
v 0.76122110 0.78775842 -0.02958843
v 0.75121975 0.79041899 -0.00034556
v 0.73497845 0.79473953 0.02660483
v 0.71312133 0.80055400 0.05022704
v 0.68648835 0.80763894 0.06961329
v 0.65610300 0.81572210 0.08401857
v 0.62313298 0.82449284 0.09288929
v 0.58884530 0.83361410 0.09588457
v 0.55455763 0.84273536 0.09288929
v 0.52158761 0.85150609 0.08401857
v 0.49120226 0.85958925 0.06961329
v 0.46456928 0.86667420 0.05022704
v 0.44271216 0.87248866 0.02660483
v 0.42647086 0.87680920 -0.00034556
v 0.41646951 0.87946977 -0.02958843
v 0.41309247 0.88036814 -0.06000000
v 0.41646951 0.87946977 -0.09041157
v 0.42647086 0.87680920 -0.11965444
v 0.44271216 0.87248866 -0.14660483
v 0.46456928 0.86667420 -0.17022704
v 0.49120226 0.85958925 -0.18961329
v 0.52158761 0.85150609 -0.20401857
v 0.55455763 0.84273536 -0.21288929
v 0.58884530 0.83361410 -0.21588457
v 0.62313298 0.82449284 -0.21288929
v 0.65610300 0.81572210 -0.20401857
v 0.68648835 0.80763894 -0.18961329
v 0.71312133 0.80055400 -0.17022704
v 0.73497845 0.79473953 -0.14660483
v 0.75121975 0.79041899 -0.11965444
v 0.76122110 0.78775842 -0.09041157
v 0.75825682 0.84469335 -0.06000000
v 0.75526966 0.84548801 -0.03309939
v 0.74642295 0.84784142 -0.00723255
v 0.73205667 0.85166316 0.01660647
v 0.71272291 0.85680636 0.03750154
v 0.68916466 0.86307336 0.05464968
v 0.66228724 0.87022333 0.06739190
v 0.63312354 0.87798150 0.07523852
v 0.60279431 0.88604973 0.07788800
v 0.57246508 0.89411796 0.07523852
v 0.54330139 0.90187613 0.06739190
v 0.51642397 0.90902610 0.05464968
v 0.49286572 0.91529311 0.03750154
v 0.47353196 0.92043630 0.01660647
v 0.45916568 0.92425804 -0.00723255
v 0.45031897 0.92661146 -0.03309939
v 0.44733180 0.92740611 -0.06000000
v 0.45031897 0.92661146 -0.08690061
v 0.45916568 0.92425804 -0.11276745
v 0.47353196 0.92043630 -0.13660647
v 0.49286572 0.91529311 -0.15750154
v 0.51642397 0.90902610 -0.17464968
v 0.54330139 0.90187613 -0.18739190
v 0.57246508 0.89411796 -0.19523852
v 0.60279431 0.88604973 -0.19788800
v 0.63312354 0.87798150 -0.19523852
v 0.66228724 0.87022333 -0.18739190
v 0.68916466 0.86307336 -0.17464968
v 0.71272291 0.85680636 -0.15750154
v 0.73205667 0.85166316 -0.13660647
v 0.74642295 0.84784142 -0.11276745
v 0.75526966 0.84548801 -0.08690061
v 0.74528388 0.89661099 -0.06000000
v 0.74277735 0.89727779 -0.03742770
v 0.73535408 0.89925254 -0.01572285
v 0.72329934 0.90245936 0.00428046
v 0.70707639 0.90677501 0.02181351
v 0.68730867 0.91203365 0.03620251
v 0.66475584 0.91803319 0.04689450
v 0.64028460 0.92454307 0.05347859
v 0.61483535 0.93131312 0.05570177
v 0.58938610 0.93808316 0.05347859
v 0.56491486 0.94459304 0.04689450
v 0.54236203 0.95059258 0.03620251
v 0.52259430 0.95585122 0.02181351
v 0.50637136 0.96016687 0.00428046
v 0.49431662 0.96337369 -0.01572285
v 0.48689334 0.96534844 -0.03742770
v 0.48438681 0.96601524 -0.06000000
v 0.48689334 0.96534844 -0.08257230
v 0.49431662 0.96337369 -0.10427715
v 0.50637136 0.96016687 -0.12428046
v 0.52259430 0.95585122 -0.14181351
v 0.54236203 0.95059258 -0.15620251
v 0.56491486 0.94459304 -0.16689450
v 0.58938610 0.93808316 -0.17347859
v 0.61483535 0.93131312 -0.17570177
v 0.64028460 0.92454307 -0.17347859
v 0.66475584 0.91803319 -0.16689450
v 0.68730867 0.91203365 -0.15620251
v 0.70707639 0.90677501 -0.14181351
v 0.72329934 0.90245936 -0.12428046
v 0.73535408 0.89925254 -0.10427715
v 0.74277735 0.89727779 -0.08257230
v 0.72607350 0.94103549 -0.06000000
v 0.72412376 0.94155416 -0.04244187
v 0.71834948 0.94309024 -0.02555849
v 0.70897256 0.94558470 -0.00999868
v 0.69635334 0.94894169 0.00363961
v 0.68097679 0.95303218 0.01483227
v 0.66343380 0.95769899 0.02314916
v 0.64439855 0.96276278 0.02827068
v 0.62460255 0.96802894 0.03000000
v 0.60480655 0.97329511 0.02827068
v 0.58577130 0.97835889 0.02314916
v 0.56822831 0.98302570 0.01483227
v 0.55285175 0.98711620 0.00363961
v 0.54023254 0.99047318 -0.00999868
v 0.53085562 0.99296765 -0.02555849
v 0.52508134 0.99450373 -0.04244187
v 0.52313160 0.99502240 -0.06000000
v 0.52508134 0.99450373 -0.07755813
v 0.53085562 0.99296765 -0.09444151
v 0.54023254 0.99047318 -0.11000132
v 0.55285175 0.98711620 -0.12363961
v 0.56822831 0.98302570 -0.13483227
v 0.58577130 0.97835889 -0.14314916
v 0.60480655 0.97329511 -0.14827068
v 0.62460255 0.96802894 -0.15000000
v 0.64439855 0.96276278 -0.14827068
v 0.66343380 0.95769899 -0.14314916
v 0.68097679 0.95303218 -0.13483227
v 0.69635334 0.94894169 -0.12363961
v 0.70897256 0.94558470 -0.11000132
v 0.71834948 0.94309024 -0.09444151
v 0.72412376 0.94155416 -0.07755813
v 0.70120936 0.97661701 -0.06000000
v 0.69987566 0.97697180 -0.04798953
v 0.69592582 0.97802254 -0.03644062
v 0.68951163 0.97972886 -0.02579708
v 0.68087958 0.98202517 -0.01646794
v 0.67036140 0.98482323 -0.00881172
v 0.65836128 0.98801552 -0.00312263
v 0.64534041 0.99147935 0.00038070
v 0.63179915 0.99508162 0.00156363
v 0.61825788 0.99868389 0.00038070
v 0.60523701 1.00214772 -0.00312263
v 0.59323690 1.00534001 -0.00881172
v 0.58271871 1.00813807 -0.01646794
v 0.57408666 1.01043439 -0.02579708
v 0.56767247 1.01214070 -0.03644062
v 0.56372263 1.01319144 -0.04798953
v 0.56238893 1.01354623 -0.06000000
v 0.56372263 1.01319144 -0.07201047
v 0.56767247 1.01214070 -0.08355938
v 0.57408666 1.01043439 -0.09420292
v 0.58271871 1.00813807 -0.10353206
v 0.59323690 1.00534001 -0.11118828
v 0.60523701 1.00214772 -0.11687737
v 0.61825788 0.99868389 -0.12038070
v 0.63179915 0.99508162 -0.12156363
v 0.64534041 0.99147935 -0.12038070
v 0.65836128 0.98801552 -0.11687737
v 0.67036140 0.98482323 -0.11118828
v 0.68087958 0.98202517 -0.10353206
v 0.68951163 0.97972886 -0.09420292
v 0.69592582 0.97802254 -0.08355938
v 0.69987566 0.97697180 -0.07201047
v 0.67144696 1.00227444 -0.06000000
v 0.67076982 1.00245457 -0.05390213
v 0.66876444 1.00298805 -0.04803859
v 0.66550787 1.00385437 -0.04263472
v 0.66112526 1.00502024 -0.03789820
v 0.65578504 1.00644085 -0.03401103
v 0.64969242 1.00806162 -0.03112260
v 0.64308155 1.00982025 -0.02934392
v 0.63620647 1.01164917 -0.02874333
v 0.62933139 1.01347809 -0.02934392
v 0.62272052 1.01523672 -0.03112260
v 0.61662790 1.01685749 -0.03401103
v 0.61128768 1.01827811 -0.03789820
v 0.60690507 1.01944397 -0.04263472
v 0.60364850 1.02031029 -0.04803859
v 0.60164312 1.02084377 -0.05390213
v 0.60096598 1.02102390 -0.06000000
v 0.60164312 1.02084377 -0.06609787
v 0.60364850 1.02031029 -0.07196141
v 0.60690507 1.01944397 -0.07736528
v 0.61128768 1.01827811 -0.08210180
v 0.61662790 1.01685749 -0.08598897
v 0.62272052 1.01523672 -0.08887740
v 0.62933139 1.01347809 -0.09065608
v 0.63620647 1.01164917 -0.09125667
v 0.64308155 1.00982025 -0.09065608
v 0.64969242 1.00806162 -0.08887740
v 0.65578504 1.00644085 -0.08598897
v 0.66112526 1.00502024 -0.08210180
v 0.66550787 1.00385437 -0.07736528
v 0.66876444 1.00298805 -0.07196141
v 0.67076982 1.00245457 -0.06609787
v 0.63769061 1.01722819 -0.06000000
v 0.00000000 -0.82000000 0.00000000
v 0.15107391 -0.80754236 0.00000000
v 0.14817107 -0.80754236 0.01863239
v 0.13957410 -0.80754236 0.03654875
v 0.12561337 -0.80754236 0.05306057
v 0.10682539 -0.80754236 0.06753329
v 0.08393217 -0.80754236 0.07941075
v 0.05781348 -0.80754236 0.08823650
v 0.02947306 -0.80754236 0.09367137
v 0.00000000 -0.80754236 0.09550650
v -0.02947306 -0.80754236 0.09367137
v -0.05781348 -0.80754236 0.08823650
v -0.08393217 -0.80754236 0.07941075
v -0.10682539 -0.80754236 0.06753329
v -0.12561337 -0.80754236 0.05306057
v -0.13957410 -0.80754236 0.03654875
v -0.14817107 -0.80754236 0.01863239
v -0.15107391 -0.80754236 0.00000000
v -0.14817107 -0.80754236 -0.01863239
v -0.13957410 -0.80754236 -0.03654875
v -0.12561337 -0.80754236 -0.05306057
v -0.10682539 -0.80754236 -0.06753329
v -0.08393217 -0.80754236 -0.07941075
v -0.05781348 -0.80754236 -0.08823650
v -0.02947306 -0.80754236 -0.09367137
v -0.00000000 -0.80754236 -0.09550650
v 0.02947306 -0.80754236 -0.09367137
v 0.05781348 -0.80754236 -0.08823650
v 0.08393217 -0.80754236 -0.07941075
v 0.10682539 -0.80754236 -0.06753329
v 0.12561337 -0.80754236 -0.05306057
v 0.13957410 -0.80754236 -0.03654875
v 0.14817107 -0.80754236 -0.01863239
v 0.29755752 -0.77054795 0.00000000
v 0.29184004 -0.77054795 0.03669865
v 0.27490731 -0.77054795 0.07198699
v 0.24741004 -0.77054795 0.10450892
v 0.21040494 -0.77054795 0.13301462
v 0.16531410 -0.77054795 0.15640865
v 0.11387033 -0.77054795 0.17379198
v 0.05805059 -0.77054795 0.18449658
v 0.00000000 -0.77054795 0.18811108
v -0.05805059 -0.77054795 0.18449658
v -0.11387033 -0.77054795 0.17379198
v -0.16531410 -0.77054795 0.15640865
v -0.21040494 -0.77054795 0.13301462
v -0.24741004 -0.77054795 0.10450892
v -0.27490731 -0.77054795 0.07198699
v -0.29184004 -0.77054795 0.03669865
v -0.29755752 -0.77054795 0.00000000
v -0.29184004 -0.77054795 -0.03669865
v -0.27490731 -0.77054795 -0.07198699
v -0.24741004 -0.77054795 -0.10450892
v -0.21040494 -0.77054795 -0.13301462
v -0.16531410 -0.77054795 -0.15640865
v -0.11387033 -0.77054795 -0.17379198
v -0.05805059 -0.77054795 -0.18449658
v -0.00000000 -0.77054795 -0.18811108
v 0.05805059 -0.77054795 -0.18449658
v 0.11387033 -0.77054795 -0.17379198
v 0.16531410 -0.77054795 -0.15640865
v 0.21040494 -0.77054795 -0.13301462
v 0.24741004 -0.77054795 -0.10450892
v 0.27490731 -0.77054795 -0.07198699
v 0.29184004 -0.77054795 -0.03669865
v 0.43500000 -0.71014083 0.00000000
v 0.42664160 -0.71014083 0.05364984
v 0.40188760 -0.71014083 0.10523794
v 0.36168928 -0.71014083 0.15278181
v 0.30759145 -0.71014083 0.19445436
v 0.24167305 -0.71014083 0.22865414
v 0.16646729 -0.71014083 0.25406687
v 0.08486429 -0.71014083 0.26971595
v 0.00000000 -0.71014083 0.27500000
v -0.08486429 -0.71014083 0.26971595
v -0.16646729 -0.71014083 0.25406687
v -0.24167305 -0.71014083 0.22865414
v -0.30759145 -0.71014083 0.19445436
v -0.36168928 -0.71014083 0.15278181
v -0.40188760 -0.71014083 0.10523794
v -0.42664160 -0.71014083 0.05364984
v -0.43500000 -0.71014083 0.00000000
v -0.42664160 -0.71014083 -0.05364984
v -0.40188760 -0.71014083 -0.10523794
v -0.36168928 -0.71014083 -0.15278181
v -0.30759145 -0.71014083 -0.19445436
v -0.24167305 -0.71014083 -0.22865414
v -0.16646729 -0.71014083 -0.25406687
v -0.08486429 -0.71014083 -0.26971595
v -0.00000000 -0.71014083 -0.27500000
v 0.08486429 -0.71014083 -0.26971595
v 0.16646729 -0.71014083 -0.25406687
v 0.24167305 -0.71014083 -0.22865414
v 0.30759145 -0.71014083 -0.19445436
v 0.36168928 -0.71014083 -0.15278181
v 0.40188760 -0.71014083 -0.10523794
v 0.42664160 -0.71014083 -0.05364984
v 0.55922522 -0.62815644 0.00000000
v 0.54847986 -0.62815644 0.06897090
v 0.51665674 -0.62815644 0.13529129
v 0.46497878 -0.62815644 0.19641251
v 0.39543195 -0.62815644 0.24998571
v 0.31068889 -0.62815644 0.29395210
v 0.21400623 -0.62815644 0.32662207
v 0.10909943 -0.62815644 0.34674014
v 0.00000000 -0.62815644 0.35353319
v -0.10909943 -0.62815644 0.34674014
v -0.21400623 -0.62815644 0.32662207
v -0.31068889 -0.62815644 0.29395210
v -0.39543195 -0.62815644 0.24998571
v -0.46497878 -0.62815644 0.19641251
v -0.51665674 -0.62815644 0.13529129
v -0.54847986 -0.62815644 0.06897090
v -0.55922522 -0.62815644 0.00000000
v -0.54847986 -0.62815644 -0.06897090
v -0.51665674 -0.62815644 -0.13529129
v -0.46497878 -0.62815644 -0.19641251
v -0.39543195 -0.62815644 -0.24998571
v -0.31068889 -0.62815644 -0.29395210
v -0.21400623 -0.62815644 -0.32662207
v -0.10909943 -0.62815644 -0.34674014
v -0.00000000 -0.62815644 -0.35353319
v 0.10909943 -0.62815644 -0.34674014
v 0.21400623 -0.62815644 -0.32662207
v 0.31068889 -0.62815644 -0.29395210
v 0.39543195 -0.62815644 -0.24998571
v 0.46497878 -0.62815644 -0.19641251
v 0.51665674 -0.62815644 -0.13529129
v 0.54847986 -0.62815644 -0.06897090
v 0.66645867 -0.52708584 0.00000000
v 0.65365285 -0.52708584 0.08219632
v 0.61572752 -0.52708584 0.16123388
v 0.55414013 -0.52708584 0.23407532
v 0.47125744 -0.52708584 0.29792137
v 0.37026460 -0.52708584 0.35031847
v 0.25504269 -0.52708584 0.38925303
v 0.13001964 -0.52708584 0.41322881
v 0.00000000 -0.52708584 0.42132444
v -0.13001964 -0.52708584 0.41322881
v -0.25504269 -0.52708584 0.38925303
v -0.37026460 -0.52708584 0.35031847
v -0.47125744 -0.52708584 0.29792137
v -0.55414013 -0.52708584 0.23407532
v -0.61572752 -0.52708584 0.16123388
v -0.65365285 -0.52708584 0.08219632
v -0.66645867 -0.52708584 0.00000000
v -0.65365285 -0.52708584 -0.08219632
v -0.61572752 -0.52708584 -0.16123388
v -0.55414013 -0.52708584 -0.23407532
v -0.47125744 -0.52708584 -0.29792137
v -0.37026460 -0.52708584 -0.35031847
v -0.25504269 -0.52708584 -0.38925303
v -0.13001964 -0.52708584 -0.41322881
v -0.00000000 -0.52708584 -0.42132444
v 0.13001964 -0.52708584 -0.41322881
v 0.25504269 -0.52708584 -0.38925303
v 0.37026460 -0.52708584 -0.35031847
v 0.47125744 -0.52708584 -0.29792137
v 0.55414013 -0.52708584 -0.23407532
v 0.61572752 -0.52708584 -0.16123388
v 0.65365285 -0.52708584 -0.08219632
v 0.75344210 -0.41000000 0.00000000
v 0.73896492 -0.41000000 0.09292425
v 0.69608974 -0.41000000 0.18227747
v 0.62646421 -0.41000000 0.26462586
v 0.53276402 -0.41000000 0.33680484
v 0.41859000 -0.41000000 0.39604059
v 0.28832981 -0.41000000 0.44005673
v 0.14698926 -0.41000000 0.46716173
v 0.00000000 -0.41000000 0.47631397
v -0.14698926 -0.41000000 0.46716173
v -0.28832981 -0.41000000 0.44005673
v -0.41859000 -0.41000000 0.39604059
v -0.53276402 -0.41000000 0.33680484
v -0.62646421 -0.41000000 0.26462586
v -0.69608974 -0.41000000 0.18227747
v -0.73896492 -0.41000000 0.09292425
v -0.75344210 -0.41000000 0.00000000
v -0.73896492 -0.41000000 -0.09292425
v -0.69608974 -0.41000000 -0.18227747
v -0.62646421 -0.41000000 -0.26462586
v -0.53276402 -0.41000000 -0.33680484
v -0.41859000 -0.41000000 -0.39604059
v -0.28832981 -0.41000000 -0.44005673
v -0.14698926 -0.41000000 -0.46716173
v -0.00000000 -0.41000000 -0.47631397
v 0.14698926 -0.41000000 -0.46716173
v 0.28832981 -0.41000000 -0.44005673
v 0.41859000 -0.41000000 -0.39604059
v 0.53276402 -0.41000000 -0.33680484
v 0.62646421 -0.41000000 -0.26462586
v 0.69608974 -0.41000000 -0.18227747
v 0.73896492 -0.41000000 -0.09292425
v 0.81753258 -0.28045652 0.00000000
v 0.80182392 -0.28045652 0.10082871
v 0.75530162 -0.28045652 0.19778264
v 0.67975350 -0.28045652 0.28713589
v 0.57808283 -0.28045652 0.36545466
v 0.45419677 -0.28045652 0.42972922
v 0.31285617 -0.28045652 0.47748953
v 0.15949269 -0.28045652 0.50690018
v 0.00000000 -0.28045652 0.51683094
v -0.15949269 -0.28045652 0.50690018
v -0.31285617 -0.28045652 0.47748953
v -0.45419677 -0.28045652 0.42972922
v -0.57808283 -0.28045652 0.36545466
v -0.67975350 -0.28045652 0.28713589
v -0.75530162 -0.28045652 0.19778264
v -0.80182392 -0.28045652 0.10082871
v -0.81753258 -0.28045652 0.00000000
v -0.80182392 -0.28045652 -0.10082871
v -0.75530162 -0.28045652 -0.19778264
v -0.67975350 -0.28045652 -0.28713589
v -0.57808283 -0.28045652 -0.36545466
v -0.45419677 -0.28045652 -0.42972922
v -0.31285617 -0.28045652 -0.47748953
v -0.15949269 -0.28045652 -0.50690018
v -0.00000000 -0.28045652 -0.51683094
v 0.15949269 -0.28045652 -0.50690018
v 0.31285617 -0.28045652 -0.47748953
v 0.45419677 -0.28045652 -0.42972922
v 0.57808283 -0.28045652 -0.36545466
v 0.67975350 -0.28045652 -0.28713589
v 0.75530162 -0.28045652 -0.19778264
v 0.80182392 -0.28045652 -0.10082871
v 0.85678275 -0.14239151 0.00000000
v 0.84031990 -0.14239151 0.10566955
v 0.79156404 -0.14239151 0.20727829
v 0.71238882 -0.14239151 0.30092143
v 0.60583689 -0.14239151 0.38300033
v 0.47600299 -0.14239151 0.45036075
v 0.32787656 -0.14239151 0.50041405
v 0.16715002 -0.14239151 0.53123672
v 0.00000000 -0.14239151 0.54164426
v -0.16715002 -0.14239151 0.53123672
v -0.32787656 -0.14239151 0.50041405
v -0.47600299 -0.14239151 0.45036075
v -0.60583689 -0.14239151 0.38300033
v -0.71238882 -0.14239151 0.30092143
v -0.79156404 -0.14239151 0.20727829
v -0.84031990 -0.14239151 0.10566955
v -0.85678275 -0.14239151 0.00000000
v -0.84031990 -0.14239151 -0.10566955
v -0.79156404 -0.14239151 -0.20727829
v -0.71238882 -0.14239151 -0.30092143
v -0.60583689 -0.14239151 -0.38300033
v -0.47600299 -0.14239151 -0.45036075
v -0.32787656 -0.14239151 -0.50041405
v -0.16715002 -0.14239151 -0.53123672
v -0.00000000 -0.14239151 -0.54164426
v 0.16715002 -0.14239151 -0.53123672
v 0.32787656 -0.14239151 -0.50041405
v 0.47600299 -0.14239151 -0.45036075
v 0.60583689 -0.14239151 -0.38300033
v 0.71238882 -0.14239151 -0.30092143
v 0.79156404 -0.14239151 -0.20727829
v 0.84031990 -0.14239151 -0.10566955
v 0.87000000 0.00000000 0.00000000
v 0.85328319 0.00000000 0.10729968
v 0.80377519 0.00000000 0.21047589
v 0.72337856 0.00000000 0.30556363
v 0.61518290 0.00000000 0.38890873
v 0.48334610 0.00000000 0.45730829
v 0.33293459 0.00000000 0.50813374
v 0.16972858 0.00000000 0.53943190
v 0.00000000 0.00000000 0.55000000
v -0.16972858 0.00000000 0.53943190
v -0.33293459 0.00000000 0.50813374
v -0.48334610 0.00000000 0.45730829
v -0.61518290 0.00000000 0.38890873
v -0.72337856 0.00000000 0.30556363
v -0.80377519 0.00000000 0.21047589
v -0.85328319 0.00000000 0.10729968
v -0.87000000 0.00000000 0.00000000
v -0.85328319 0.00000000 -0.10729968
v -0.80377519 0.00000000 -0.21047589
v -0.72337856 0.00000000 -0.30556363
v -0.61518290 0.00000000 -0.38890873
v -0.48334610 0.00000000 -0.45730829
v -0.33293459 0.00000000 -0.50813374
v -0.16972858 0.00000000 -0.53943190
v -0.00000000 0.00000000 -0.55000000
v 0.16972858 0.00000000 -0.53943190
v 0.33293459 0.00000000 -0.50813374
v 0.48334610 0.00000000 -0.45730829
v 0.61518290 0.00000000 -0.38890873
v 0.72337856 0.00000000 -0.30556363
v 0.80377519 0.00000000 -0.21047589
v 0.85328319 0.00000000 -0.10729968
v 0.85678275 0.14239151 0.00000000
v 0.84031990 0.14239151 0.10566955
v 0.79156404 0.14239151 0.20727829
v 0.71238882 0.14239151 0.30092143
v 0.60583689 0.14239151 0.38300033
v 0.47600299 0.14239151 0.45036075
v 0.32787656 0.14239151 0.50041405
v 0.16715002 0.14239151 0.53123672
v 0.00000000 0.14239151 0.54164426
v -0.16715002 0.14239151 0.53123672
v -0.32787656 0.14239151 0.50041405
v -0.47600299 0.14239151 0.45036075
v -0.60583689 0.14239151 0.38300033
v -0.71238882 0.14239151 0.30092143
v -0.79156404 0.14239151 0.20727829
v -0.84031990 0.14239151 0.10566955
v -0.85678275 0.14239151 0.00000000
v -0.84031990 0.14239151 -0.10566955
v -0.79156404 0.14239151 -0.20727829
v -0.71238882 0.14239151 -0.30092143
v -0.60583689 0.14239151 -0.38300033
v -0.47600299 0.14239151 -0.45036075
v -0.32787656 0.14239151 -0.50041405
v -0.16715002 0.14239151 -0.53123672
v -0.00000000 0.14239151 -0.54164426
v 0.16715002 0.14239151 -0.53123672
v 0.32787656 0.14239151 -0.50041405
v 0.47600299 0.14239151 -0.45036075
v 0.60583689 0.14239151 -0.38300033
v 0.71238882 0.14239151 -0.30092143
v 0.79156404 0.14239151 -0.20727829
v 0.84031990 0.14239151 -0.10566955
v 0.81753258 0.28045652 0.00000000
v 0.80182392 0.28045652 0.10082871
v 0.75530162 0.28045652 0.19778264
v 0.67975350 0.28045652 0.28713589
v 0.57808283 0.28045652 0.36545466
v 0.45419677 0.28045652 0.42972922
v 0.31285617 0.28045652 0.47748953
v 0.15949269 0.28045652 0.50690018
v 0.00000000 0.28045652 0.51683094
v -0.15949269 0.28045652 0.50690018
v -0.31285617 0.28045652 0.47748953
v -0.45419677 0.28045652 0.42972922
v -0.57808283 0.28045652 0.36545466
v -0.67975350 0.28045652 0.28713589
v -0.75530162 0.28045652 0.19778264
v -0.80182392 0.28045652 0.10082871
v -0.81753258 0.28045652 0.00000000
v -0.80182392 0.28045652 -0.10082871
v -0.75530162 0.28045652 -0.19778264
v -0.67975350 0.28045652 -0.28713589
v -0.57808283 0.28045652 -0.36545466
v -0.45419677 0.28045652 -0.42972922
v -0.31285617 0.28045652 -0.47748953
v -0.15949269 0.28045652 -0.50690018
v -0.00000000 0.28045652 -0.51683094
v 0.15949269 0.28045652 -0.50690018
v 0.31285617 0.28045652 -0.47748953
v 0.45419677 0.28045652 -0.42972922
v 0.57808283 0.28045652 -0.36545466
v 0.67975350 0.28045652 -0.28713589
v 0.75530162 0.28045652 -0.19778264
v 0.80182392 0.28045652 -0.10082871
v 0.75344210 0.41000000 0.00000000
v 0.73896492 0.41000000 0.09292425
v 0.69608974 0.41000000 0.18227747
v 0.62646421 0.41000000 0.26462586
v 0.53276402 0.41000000 0.33680484
v 0.41859000 0.41000000 0.39604059
v 0.28832981 0.41000000 0.44005673
v 0.14698926 0.41000000 0.46716173
v 0.00000000 0.41000000 0.47631397
v -0.14698926 0.41000000 0.46716173
v -0.28832981 0.41000000 0.44005673
v -0.41859000 0.41000000 0.39604059
v -0.53276402 0.41000000 0.33680484
v -0.62646421 0.41000000 0.26462586
v -0.69608974 0.41000000 0.18227747
v -0.73896492 0.41000000 0.09292425
v -0.75344210 0.41000000 0.00000000
v -0.73896492 0.41000000 -0.09292425
v -0.69608974 0.41000000 -0.18227747
v -0.62646421 0.41000000 -0.26462586
v -0.53276402 0.41000000 -0.33680484
v -0.41859000 0.41000000 -0.39604059
v -0.28832981 0.41000000 -0.44005673
v -0.14698926 0.41000000 -0.46716173
v -0.00000000 0.41000000 -0.47631397
v 0.14698926 0.41000000 -0.46716173
v 0.28832981 0.41000000 -0.44005673
v 0.41859000 0.41000000 -0.39604059
v 0.53276402 0.41000000 -0.33680484
v 0.62646421 0.41000000 -0.26462586
v 0.69608974 0.41000000 -0.18227747
v 0.73896492 0.41000000 -0.09292425
v 0.66645867 0.52708584 0.00000000
v 0.65365285 0.52708584 0.08219632
v 0.61572752 0.52708584 0.16123388
v 0.55414013 0.52708584 0.23407532
v 0.47125744 0.52708584 0.29792137
v 0.37026460 0.52708584 0.35031847
v 0.25504269 0.52708584 0.38925303
v 0.13001964 0.52708584 0.41322881
v 0.00000000 0.52708584 0.42132444
v -0.13001964 0.52708584 0.41322881
v -0.25504269 0.52708584 0.38925303
v -0.37026460 0.52708584 0.35031847
v -0.47125744 0.52708584 0.29792137
v -0.55414013 0.52708584 0.23407532
v -0.61572752 0.52708584 0.16123388
v -0.65365285 0.52708584 0.08219632
v -0.66645867 0.52708584 0.00000000
v -0.65365285 0.52708584 -0.08219632
v -0.61572752 0.52708584 -0.16123388
v -0.55414013 0.52708584 -0.23407532
v -0.47125744 0.52708584 -0.29792137
v -0.37026460 0.52708584 -0.35031847
v -0.25504269 0.52708584 -0.38925303
v -0.13001964 0.52708584 -0.41322881
v -0.00000000 0.52708584 -0.42132444
v 0.13001964 0.52708584 -0.41322881
v 0.25504269 0.52708584 -0.38925303
v 0.37026460 0.52708584 -0.35031847
v 0.47125744 0.52708584 -0.29792137
v 0.55414013 0.52708584 -0.23407532
v 0.61572752 0.52708584 -0.16123388
v 0.65365285 0.52708584 -0.08219632
v 0.55922522 0.62815644 0.00000000
v 0.54847986 0.62815644 0.06897090
v 0.51665674 0.62815644 0.13529129
v 0.46497878 0.62815644 0.19641251
v 0.39543195 0.62815644 0.24998571
v 0.31068889 0.62815644 0.29395210
v 0.21400623 0.62815644 0.32662207
v 0.10909943 0.62815644 0.34674014
v 0.00000000 0.62815644 0.35353319
v -0.10909943 0.62815644 0.34674014
v -0.21400623 0.62815644 0.32662207
v -0.31068889 0.62815644 0.29395210
v -0.39543195 0.62815644 0.24998571
v -0.46497878 0.62815644 0.19641251
v -0.51665674 0.62815644 0.13529129
v -0.54847986 0.62815644 0.06897090
v -0.55922522 0.62815644 0.00000000
v -0.54847986 0.62815644 -0.06897090
v -0.51665674 0.62815644 -0.13529129
v -0.46497878 0.62815644 -0.19641251
v -0.39543195 0.62815644 -0.24998571
v -0.31068889 0.62815644 -0.29395210
v -0.21400623 0.62815644 -0.32662207
v -0.10909943 0.62815644 -0.34674014
v -0.00000000 0.62815644 -0.35353319
v 0.10909943 0.62815644 -0.34674014
v 0.21400623 0.62815644 -0.32662207
v 0.31068889 0.62815644 -0.29395210
v 0.39543195 0.62815644 -0.24998571
v 0.46497878 0.62815644 -0.19641251
v 0.51665674 0.62815644 -0.13529129
v 0.54847986 0.62815644 -0.06897090
v 0.43500000 0.71014083 0.00000000
v 0.42664160 0.71014083 0.05364984
v 0.40188760 0.71014083 0.10523794
v 0.36168928 0.71014083 0.15278181
v 0.30759145 0.71014083 0.19445436
v 0.24167305 0.71014083 0.22865414
v 0.16646729 0.71014083 0.25406687
v 0.08486429 0.71014083 0.26971595
v 0.00000000 0.71014083 0.27500000
v -0.08486429 0.71014083 0.26971595
v -0.16646729 0.71014083 0.25406687
v -0.24167305 0.71014083 0.22865414
v -0.30759145 0.71014083 0.19445436
v -0.36168928 0.71014083 0.15278181
v -0.40188760 0.71014083 0.10523794
v -0.42664160 0.71014083 0.05364984
v -0.43500000 0.71014083 0.00000000
v -0.42664160 0.71014083 -0.05364984
v -0.40188760 0.71014083 -0.10523794
v -0.36168928 0.71014083 -0.15278181
v -0.30759145 0.71014083 -0.19445436
v -0.24167305 0.71014083 -0.22865414
v -0.16646729 0.71014083 -0.25406687
v -0.08486429 0.71014083 -0.26971595
v -0.00000000 0.71014083 -0.27500000
v 0.08486429 0.71014083 -0.26971595
v 0.16646729 0.71014083 -0.25406687
v 0.24167305 0.71014083 -0.22865414
v 0.30759145 0.71014083 -0.19445436
v 0.36168928 0.71014083 -0.15278181
v 0.40188760 0.71014083 -0.10523794
v 0.42664160 0.71014083 -0.05364984
v 0.29755752 0.77054795 0.00000000
v 0.29184004 0.77054795 0.03669865
v 0.27490731 0.77054795 0.07198699
v 0.24741004 0.77054795 0.10450892
v 0.21040494 0.77054795 0.13301462
v 0.16531410 0.77054795 0.15640865
v 0.11387033 0.77054795 0.17379198
v 0.05805059 0.77054795 0.18449658
v 0.00000000 0.77054795 0.18811108
v -0.05805059 0.77054795 0.18449658
v -0.11387033 0.77054795 0.17379198
v -0.16531410 0.77054795 0.15640865
v -0.21040494 0.77054795 0.13301462
v -0.24741004 0.77054795 0.10450892
v -0.27490731 0.77054795 0.07198699
v -0.29184004 0.77054795 0.03669865
v -0.29755752 0.77054795 0.00000000
v -0.29184004 0.77054795 -0.03669865
v -0.27490731 0.77054795 -0.07198699
v -0.24741004 0.77054795 -0.10450892
v -0.21040494 0.77054795 -0.13301462
v -0.16531410 0.77054795 -0.15640865
v -0.11387033 0.77054795 -0.17379198
v -0.05805059 0.77054795 -0.18449658
v -0.00000000 0.77054795 -0.18811108
v 0.05805059 0.77054795 -0.18449658
v 0.11387033 0.77054795 -0.17379198
v 0.16531410 0.77054795 -0.15640865
v 0.21040494 0.77054795 -0.13301462
v 0.24741004 0.77054795 -0.10450892
v 0.27490731 0.77054795 -0.07198699
v 0.29184004 0.77054795 -0.03669865
v 0.15107391 0.80754236 0.00000000
v 0.14817107 0.80754236 0.01863239
v 0.13957410 0.80754236 0.03654875
v 0.12561337 0.80754236 0.05306057
v 0.10682539 0.80754236 0.06753329
v 0.08393217 0.80754236 0.07941075
v 0.05781348 0.80754236 0.08823650
v 0.02947306 0.80754236 0.09367137
v 0.00000000 0.80754236 0.09550650
v -0.02947306 0.80754236 0.09367137
v -0.05781348 0.80754236 0.08823650
v -0.08393217 0.80754236 0.07941075
v -0.10682539 0.80754236 0.06753329
v -0.12561337 0.80754236 0.05306057
v -0.13957410 0.80754236 0.03654875
v -0.14817107 0.80754236 0.01863239
v -0.15107391 0.80754236 0.00000000
v -0.14817107 0.80754236 -0.01863239
v -0.13957410 0.80754236 -0.03654875
v -0.12561337 0.80754236 -0.05306057
v -0.10682539 0.80754236 -0.06753329
v -0.08393217 0.80754236 -0.07941075
v -0.05781348 0.80754236 -0.08823650
v -0.02947306 0.80754236 -0.09367137
v -0.00000000 0.80754236 -0.09550650
v 0.02947306 0.80754236 -0.09367137
v 0.05781348 0.80754236 -0.08823650
v 0.08393217 0.80754236 -0.07941075
v 0.10682539 0.80754236 -0.06753329
v 0.12561337 0.80754236 -0.05306057
v 0.13957410 0.80754236 -0.03654875
v 0.14817107 0.80754236 -0.01863239
v 0.00000000 0.82000000 0.00000000
v -0.29000000 -0.04000000 0.52500000
v -0.27176694 -0.03802501 0.52500000
v -0.27211728 -0.03802501 0.52686324
v -0.27315485 -0.03802501 0.52865488
v -0.27483977 -0.03802501 0.53030606
v -0.27710728 -0.03802501 0.53175333
v -0.27987026 -0.03802501 0.53294108
v -0.28302251 -0.03802501 0.53382365
v -0.28644291 -0.03802501 0.53436714
v -0.29000000 -0.03802501 0.53455065
v -0.29355709 -0.03802501 0.53436714
v -0.29697749 -0.03802501 0.53382365
v -0.30012974 -0.03802501 0.53294108
v -0.30289272 -0.03802501 0.53175333
v -0.30516023 -0.03802501 0.53030606
v -0.30684515 -0.03802501 0.52865488
v -0.30788272 -0.03802501 0.52686324
v -0.30823306 -0.03802501 0.52500000
v -0.30788272 -0.03802501 0.52313676
v -0.30684515 -0.03802501 0.52134512
v -0.30516023 -0.03802501 0.51969394
v -0.30289272 -0.03802501 0.51824667
v -0.30012974 -0.03802501 0.51705892
v -0.29697749 -0.03802501 0.51617635
v -0.29355709 -0.03802501 0.51563286
v -0.29000000 -0.03802501 0.51544935
v -0.28644291 -0.03802501 0.51563286
v -0.28302251 -0.03802501 0.51617635
v -0.27987026 -0.03802501 0.51705892
v -0.27710728 -0.03802501 0.51824667
v -0.27483977 -0.03802501 0.51969394
v -0.27315485 -0.03802501 0.52134512
v -0.27211728 -0.03802501 0.52313676
v -0.25408788 -0.03216004 0.52500000
v -0.25477793 -0.03216004 0.52866987
v -0.25682153 -0.03216004 0.53219870
v -0.26014017 -0.03216004 0.53545089
v -0.26460630 -0.03216004 0.53830146
v -0.27004830 -0.03216004 0.54064086
v -0.27625703 -0.03216004 0.54237920
v -0.28299389 -0.03216004 0.54344966
v -0.29000000 -0.03216004 0.54381111
v -0.29700611 -0.03216004 0.54344966
v -0.30374297 -0.03216004 0.54237920
v -0.30995170 -0.03216004 0.54064086
v -0.31539370 -0.03216004 0.53830146
v -0.31985983 -0.03216004 0.53545089
v -0.32317847 -0.03216004 0.53219870
v -0.32522207 -0.03216004 0.52866987
v -0.32591212 -0.03216004 0.52500000
v -0.32522207 -0.03216004 0.52133013
v -0.32317847 -0.03216004 0.51780130
v -0.31985983 -0.03216004 0.51454911
v -0.31539370 -0.03216004 0.51169854
v -0.30995170 -0.03216004 0.50935914
v -0.30374297 -0.03216004 0.50762080
v -0.29700611 -0.03216004 0.50655034
v -0.29000000 -0.03216004 0.50618889
v -0.28299389 -0.03216004 0.50655034
v -0.27625703 -0.03216004 0.50762080
v -0.27004830 -0.03216004 0.50935914
v -0.26460630 -0.03216004 0.51169854
v -0.26014017 -0.03216004 0.51454911
v -0.25682153 -0.03216004 0.51780130
v -0.25477793 -0.03216004 0.52133013
v -0.23750000 -0.02258330 0.52500000
v -0.23850877 -0.02258330 0.53036498
v -0.24149632 -0.02258330 0.53552379
v -0.24634785 -0.02258330 0.54027818
v -0.25287689 -0.02258330 0.54444544
v -0.26083256 -0.02258330 0.54786541
v -0.26990912 -0.02258330 0.55040669
v -0.27975776 -0.02258330 0.55197160
v -0.29000000 -0.02258330 0.55250000
v -0.30024224 -0.02258330 0.55197160
v -0.31009088 -0.02258330 0.55040669
v -0.31916744 -0.02258330 0.54786541
v -0.32712311 -0.02258330 0.54444544
v -0.33365215 -0.02258330 0.54027818
v -0.33850368 -0.02258330 0.53552379
v -0.34149123 -0.02258330 0.53036498
v -0.34250000 -0.02258330 0.52500000
v -0.34149123 -0.02258330 0.51963502
v -0.33850368 -0.02258330 0.51447621
v -0.33365215 -0.02258330 0.50972182
v -0.32712311 -0.02258330 0.50555456
v -0.31916744 -0.02258330 0.50213459
v -0.31009088 -0.02258330 0.49959331
v -0.30024224 -0.02258330 0.49802840
v -0.29000000 -0.02258330 0.49750000
v -0.27975776 -0.02258330 0.49802840
v -0.26990912 -0.02258330 0.49959331
v -0.26083256 -0.02258330 0.50213459
v -0.25287689 -0.02258330 0.50555456
v -0.24634785 -0.02258330 0.50972182
v -0.24149632 -0.02258330 0.51447621
v -0.23850877 -0.02258330 0.51963502
v -0.22250730 -0.00958578 0.52500000
v -0.22380415 -0.00958578 0.53189709
v -0.22764488 -0.00958578 0.53852913
v -0.23388187 -0.00958578 0.54464125
v -0.24227545 -0.00958578 0.54999857
v -0.25250307 -0.00958578 0.55439521
v -0.26417166 -0.00958578 0.55766221
v -0.27683283 -0.00958578 0.55967401
v -0.29000000 -0.00958578 0.56035332
v -0.30316717 -0.00958578 0.55967401
v -0.31582834 -0.00958578 0.55766221
v -0.32749693 -0.00958578 0.55439521
v -0.33772455 -0.00958578 0.54999857
v -0.34611813 -0.00958578 0.54464125
v -0.35235512 -0.00958578 0.53852913
v -0.35619585 -0.00958578 0.53189709
v -0.35749270 -0.00958578 0.52500000
v -0.35619585 -0.00958578 0.51810291
v -0.35235512 -0.00958578 0.51147087
v -0.34611813 -0.00958578 0.50535875
v -0.33772455 -0.00958578 0.50000143
v -0.32749693 -0.00958578 0.49560479
v -0.31582834 -0.00958578 0.49233779
v -0.30316717 -0.00958578 0.49032599
v -0.29000000 -0.00958578 0.48964668
v -0.27683283 -0.00958578 0.49032599
v -0.26417166 -0.00958578 0.49233779
v -0.25250307 -0.00958578 0.49560479
v -0.24227545 -0.00958578 0.50000143
v -0.23388187 -0.00958578 0.50535875
v -0.22764488 -0.00958578 0.51147087
v -0.22380415 -0.00958578 0.51810291
v -0.20956533 0.00643761 0.52500000
v -0.21111086 0.00643761 0.53321963
v -0.21568806 0.00643761 0.54112339
v -0.22312102 0.00643761 0.54840753
v -0.23312410 0.00643761 0.55479214
v -0.24531289 0.00643761 0.56003185
v -0.25921899 0.00643761 0.56392530
v -0.27430798 0.00643761 0.56632288
v -0.29000000 0.00643761 0.56713244
v -0.30569202 0.00643761 0.56632288
v -0.32078101 0.00643761 0.56392530
v -0.33468711 0.00643761 0.56003185
v -0.34687590 0.00643761 0.55479214
v -0.35687898 0.00643761 0.54840753
v -0.36431194 0.00643761 0.54112339
v -0.36888914 0.00643761 0.53321963
v -0.37043467 0.00643761 0.52500000
v -0.36888914 0.00643761 0.51678037
v -0.36431194 0.00643761 0.50887661
v -0.35687898 0.00643761 0.50159247
v -0.34687590 0.00643761 0.49520786
v -0.33468711 0.00643761 0.48996815
v -0.32078101 0.00643761 0.48607470
v -0.30569202 0.00643761 0.48367712
v -0.29000000 0.00643761 0.48286756
v -0.27430798 0.00643761 0.48367712
v -0.25921899 0.00643761 0.48607470
v -0.24531289 0.00643761 0.48996815
v -0.23312410 0.00643761 0.49520786
v -0.22312102 0.00643761 0.50159247
v -0.21568806 0.00643761 0.50887661
v -0.21111086 0.00643761 0.51678037
v -0.19906733 0.02500000 0.52500000
v -0.20081458 0.02500000 0.53429242
v -0.20598917 0.02500000 0.54322775
v -0.21439225 0.02500000 0.55146259
v -0.22570089 0.02500000 0.55868048
v -0.23948052 0.02500000 0.56460406
v -0.25520157 0.02500000 0.56900567
v -0.27225992 0.02500000 0.57171617
v -0.29000000 0.02500000 0.57263140
v -0.30774008 0.02500000 0.57171617
v -0.32479843 0.02500000 0.56900567
v -0.34051948 0.02500000 0.56460406
v -0.35429911 0.02500000 0.55868048
v -0.36560775 0.02500000 0.55146259
v -0.37401083 0.02500000 0.54322775
v -0.37918542 0.02500000 0.53429242
v -0.38093267 0.02500000 0.52500000
v -0.37918542 0.02500000 0.51570758
v -0.37401083 0.02500000 0.50677225
v -0.36560775 0.02500000 0.49853741
v -0.35429911 0.02500000 0.49131952
v -0.34051948 0.02500000 0.48539594
v -0.32479843 0.02500000 0.48099433
v -0.30774008 0.02500000 0.47828383
v -0.29000000 0.02500000 0.47736860
v -0.27225992 0.02500000 0.47828383
v -0.25520157 0.02500000 0.48099433
v -0.23948052 0.02500000 0.48539594
v -0.22570089 0.02500000 0.49131952
v -0.21439225 0.02500000 0.49853741
v -0.20598917 0.02500000 0.50677225
v -0.20081458 0.02500000 0.51570758
v -0.19133227 0.04553738 0.52500000
v -0.19322815 0.04553738 0.53508287
v -0.19884291 0.04553738 0.54477826
v -0.20796078 0.04553738 0.55371359
v -0.22023138 0.04553738 0.56154547
v -0.23518315 0.04553738 0.56797292
v -0.25224150 0.04553738 0.57274895
v -0.27075088 0.04553738 0.57569002
v -0.29000000 0.04553738 0.57668309
v -0.30924912 0.04553738 0.57569002
v -0.32775850 0.04553738 0.57274895
v -0.34481685 0.04553738 0.56797292
v -0.35976862 0.04553738 0.56154547
v -0.37203922 0.04553738 0.55371359
v -0.38115709 0.04553738 0.54477826
v -0.38677185 0.04553738 0.53508287
v -0.38866773 0.04553738 0.52500000
v -0.38677185 0.04553738 0.51491713
v -0.38115709 0.04553738 0.50522174
v -0.37203922 0.04553738 0.49628641
v -0.35976862 0.04553738 0.48845453
v -0.34481685 0.04553738 0.48202708
v -0.32775850 0.04553738 0.47725105
v -0.30924912 0.04553738 0.47430998
v -0.29000000 0.04553738 0.47331691
v -0.27075088 0.04553738 0.47430998
v -0.25224150 0.04553738 0.47725105
v -0.23518315 0.04553738 0.48202708
v -0.22023138 0.04553738 0.48845453
v -0.20796078 0.04553738 0.49628641
v -0.19884291 0.04553738 0.50522174
v -0.19322815 0.04553738 0.51491713
v -0.18659519 0.06742574 0.52500000
v -0.18858208 0.06742574 0.53556696
v -0.19446641 0.06742574 0.54572783
v -0.20402204 0.06742574 0.55509214
v -0.21688175 0.06742574 0.56330003
v -0.23255136 0.06742574 0.57003607
v -0.25042869 0.06742574 0.57504140
v -0.26982672 0.06742574 0.57812367
v -0.29000000 0.06742574 0.57916443
v -0.31017328 0.06742574 0.57812367
v -0.32957131 0.06742574 0.57504140
v -0.34744864 0.06742574 0.57003607
v -0.36311825 0.06742574 0.56330003
v -0.37597796 0.06742574 0.55509214
v -0.38553359 0.06742574 0.54572783
v -0.39141792 0.06742574 0.53556696
v -0.39340481 0.06742574 0.52500000
v -0.39141792 0.06742574 0.51443304
v -0.38553359 0.06742574 0.50427217
v -0.37597796 0.06742574 0.49490786
v -0.36311825 0.06742574 0.48669997
v -0.34744864 0.06742574 0.47996393
v -0.32957131 0.06742574 0.47495860
v -0.31017328 0.06742574 0.47187633
v -0.29000000 0.06742574 0.47083557
v -0.26982672 0.06742574 0.47187633
v -0.25042869 0.06742574 0.47495860
v -0.23255136 0.06742574 0.47996393
v -0.21688175 0.06742574 0.48669997
v -0.20402204 0.06742574 0.49490786
v -0.19446641 0.06742574 0.50427217
v -0.18858208 0.06742574 0.51443304
v -0.18500000 0.09000000 0.52500000
v -0.18701755 0.09000000 0.53572997
v -0.19299265 0.09000000 0.54604759
v -0.20269569 0.09000000 0.55555636
v -0.21575379 0.09000000 0.56389087
v -0.23166513 0.09000000 0.57073083
v -0.24981824 0.09000000 0.57581337
v -0.26951552 0.09000000 0.57894319
v -0.29000000 0.09000000 0.58000000
v -0.31048448 0.09000000 0.57894319
v -0.33018176 0.09000000 0.57581337
v -0.34833487 0.09000000 0.57073083
v -0.36424621 0.09000000 0.56389087
v -0.37730431 0.09000000 0.55555636
v -0.38700735 0.09000000 0.54604759
v -0.39298245 0.09000000 0.53572997
v -0.39500000 0.09000000 0.52500000
v -0.39298245 0.09000000 0.51427003
v -0.38700735 0.09000000 0.50395241
v -0.37730431 0.09000000 0.49444364
v -0.36424621 0.09000000 0.48610913
v -0.34833487 0.09000000 0.47926917
v -0.33018176 0.09000000 0.47418663
v -0.31048448 0.09000000 0.47105681
v -0.29000000 0.09000000 0.47000000
v -0.26951552 0.09000000 0.47105681
v -0.24981824 0.09000000 0.47418663
v -0.23166513 0.09000000 0.47926917
v -0.21575379 0.09000000 0.48610913
v -0.20269569 0.09000000 0.49444364
v -0.19299265 0.09000000 0.50395241
v -0.18701755 0.09000000 0.51427003
v -0.18659519 0.11257426 0.52500000
v -0.18858208 0.11257426 0.53556696
v -0.19446641 0.11257426 0.54572783
v -0.20402204 0.11257426 0.55509214
v -0.21688175 0.11257426 0.56330003
v -0.23255136 0.11257426 0.57003607
v -0.25042869 0.11257426 0.57504140
v -0.26982672 0.11257426 0.57812367
v -0.29000000 0.11257426 0.57916443
v -0.31017328 0.11257426 0.57812367
v -0.32957131 0.11257426 0.57504140
v -0.34744864 0.11257426 0.57003607
v -0.36311825 0.11257426 0.56330003
v -0.37597796 0.11257426 0.55509214
v -0.38553359 0.11257426 0.54572783
v -0.39141792 0.11257426 0.53556696
v -0.39340481 0.11257426 0.52500000
v -0.39141792 0.11257426 0.51443304
v -0.38553359 0.11257426 0.50427217
v -0.37597796 0.11257426 0.49490786
v -0.36311825 0.11257426 0.48669997
v -0.34744864 0.11257426 0.47996393
v -0.32957131 0.11257426 0.47495860
v -0.31017328 0.11257426 0.47187633
v -0.29000000 0.11257426 0.47083557
v -0.26982672 0.11257426 0.47187633
v -0.25042869 0.11257426 0.47495860
v -0.23255136 0.11257426 0.47996393
v -0.21688175 0.11257426 0.48669997
v -0.20402204 0.11257426 0.49490786
v -0.19446641 0.11257426 0.50427217
v -0.18858208 0.11257426 0.51443304
v -0.19133227 0.13446262 0.52500000
v -0.19322815 0.13446262 0.53508287
v -0.19884291 0.13446262 0.54477826
v -0.20796078 0.13446262 0.55371359
v -0.22023138 0.13446262 0.56154547
v -0.23518315 0.13446262 0.56797292
v -0.25224150 0.13446262 0.57274895
v -0.27075088 0.13446262 0.57569002
v -0.29000000 0.13446262 0.57668309
v -0.30924912 0.13446262 0.57569002
v -0.32775850 0.13446262 0.57274895
v -0.34481685 0.13446262 0.56797292
v -0.35976862 0.13446262 0.56154547
v -0.37203922 0.13446262 0.55371359
v -0.38115709 0.13446262 0.54477826
v -0.38677185 0.13446262 0.53508287
v -0.38866773 0.13446262 0.52500000
v -0.38677185 0.13446262 0.51491713
v -0.38115709 0.13446262 0.50522174
v -0.37203922 0.13446262 0.49628641
v -0.35976862 0.13446262 0.48845453
v -0.34481685 0.13446262 0.48202708
v -0.32775850 0.13446262 0.47725105
v -0.30924912 0.13446262 0.47430998
v -0.29000000 0.13446262 0.47331691
v -0.27075088 0.13446262 0.47430998
v -0.25224150 0.13446262 0.47725105
v -0.23518315 0.13446262 0.48202708
v -0.22023138 0.13446262 0.48845453
v -0.20796078 0.13446262 0.49628641
v -0.19884291 0.13446262 0.50522174
v -0.19322815 0.13446262 0.51491713
v -0.19906733 0.15500000 0.52500000
v -0.20081458 0.15500000 0.53429242
v -0.20598917 0.15500000 0.54322775
v -0.21439225 0.15500000 0.55146259
v -0.22570089 0.15500000 0.55868048
v -0.23948052 0.15500000 0.56460406
v -0.25520157 0.15500000 0.56900567
v -0.27225992 0.15500000 0.57171617
v -0.29000000 0.15500000 0.57263140
v -0.30774008 0.15500000 0.57171617
v -0.32479843 0.15500000 0.56900567
v -0.34051948 0.15500000 0.56460406
v -0.35429911 0.15500000 0.55868048
v -0.36560775 0.15500000 0.55146259
v -0.37401083 0.15500000 0.54322775
v -0.37918542 0.15500000 0.53429242
v -0.38093267 0.15500000 0.52500000
v -0.37918542 0.15500000 0.51570758
v -0.37401083 0.15500000 0.50677225
v -0.36560775 0.15500000 0.49853741
v -0.35429911 0.15500000 0.49131952
v -0.34051948 0.15500000 0.48539594
v -0.32479843 0.15500000 0.48099433
v -0.30774008 0.15500000 0.47828383
v -0.29000000 0.15500000 0.47736860
v -0.27225992 0.15500000 0.47828383
v -0.25520157 0.15500000 0.48099433
v -0.23948052 0.15500000 0.48539594
v -0.22570089 0.15500000 0.49131952
v -0.21439225 0.15500000 0.49853741
v -0.20598917 0.15500000 0.50677225
v -0.20081458 0.15500000 0.51570758
v -0.20956533 0.17356239 0.52500000
v -0.21111086 0.17356239 0.53321963
v -0.21568806 0.17356239 0.54112339
v -0.22312102 0.17356239 0.54840753
v -0.23312410 0.17356239 0.55479214
v -0.24531289 0.17356239 0.56003185
v -0.25921899 0.17356239 0.56392530
v -0.27430798 0.17356239 0.56632288
v -0.29000000 0.17356239 0.56713244
v -0.30569202 0.17356239 0.56632288
v -0.32078101 0.17356239 0.56392530
v -0.33468711 0.17356239 0.56003185
v -0.34687590 0.17356239 0.55479214
v -0.35687898 0.17356239 0.54840753
v -0.36431194 0.17356239 0.54112339
v -0.36888914 0.17356239 0.53321963
v -0.37043467 0.17356239 0.52500000
v -0.36888914 0.17356239 0.51678037
v -0.36431194 0.17356239 0.50887661
v -0.35687898 0.17356239 0.50159247
v -0.34687590 0.17356239 0.49520786
v -0.33468711 0.17356239 0.48996815
v -0.32078101 0.17356239 0.48607470
v -0.30569202 0.17356239 0.48367712
v -0.29000000 0.17356239 0.48286756
v -0.27430798 0.17356239 0.48367712
v -0.25921899 0.17356239 0.48607470
v -0.24531289 0.17356239 0.48996815
v -0.23312410 0.17356239 0.49520786
v -0.22312102 0.17356239 0.50159247
v -0.21568806 0.17356239 0.50887661
v -0.21111086 0.17356239 0.51678037
v -0.22250730 0.18958578 0.52500000
v -0.22380415 0.18958578 0.53189709
v -0.22764488 0.18958578 0.53852913
v -0.23388187 0.18958578 0.54464125
v -0.24227545 0.18958578 0.54999857
v -0.25250307 0.18958578 0.55439521
v -0.26417166 0.18958578 0.55766221
v -0.27683283 0.18958578 0.55967401
v -0.29000000 0.18958578 0.56035332
v -0.30316717 0.18958578 0.55967401
v -0.31582834 0.18958578 0.55766221
v -0.32749693 0.18958578 0.55439521
v -0.33772455 0.18958578 0.54999857
v -0.34611813 0.18958578 0.54464125
v -0.35235512 0.18958578 0.53852913
v -0.35619585 0.18958578 0.53189709
v -0.35749270 0.18958578 0.52500000
v -0.35619585 0.18958578 0.51810291
v -0.35235512 0.18958578 0.51147087
v -0.34611813 0.18958578 0.50535875
v -0.33772455 0.18958578 0.50000143
v -0.32749693 0.18958578 0.49560479
v -0.31582834 0.18958578 0.49233779
v -0.30316717 0.18958578 0.49032599
v -0.29000000 0.18958578 0.48964668
v -0.27683283 0.18958578 0.49032599
v -0.26417166 0.18958578 0.49233779
v -0.25250307 0.18958578 0.49560479
v -0.24227545 0.18958578 0.50000143
v -0.23388187 0.18958578 0.50535875
v -0.22764488 0.18958578 0.51147087
v -0.22380415 0.18958578 0.51810291
v -0.23750000 0.20258330 0.52500000
v -0.23850877 0.20258330 0.53036498
v -0.24149632 0.20258330 0.53552379
v -0.24634785 0.20258330 0.54027818
v -0.25287689 0.20258330 0.54444544
v -0.26083256 0.20258330 0.54786541
v -0.26990912 0.20258330 0.55040669
v -0.27975776 0.20258330 0.55197160
v -0.29000000 0.20258330 0.55250000
v -0.30024224 0.20258330 0.55197160
v -0.31009088 0.20258330 0.55040669
v -0.31916744 0.20258330 0.54786541
v -0.32712311 0.20258330 0.54444544
v -0.33365215 0.20258330 0.54027818
v -0.33850368 0.20258330 0.53552379
v -0.34149123 0.20258330 0.53036498
v -0.34250000 0.20258330 0.52500000
v -0.34149123 0.20258330 0.51963502
v -0.33850368 0.20258330 0.51447621
v -0.33365215 0.20258330 0.50972182
v -0.32712311 0.20258330 0.50555456
v -0.31916744 0.20258330 0.50213459
v -0.31009088 0.20258330 0.49959331
v -0.30024224 0.20258330 0.49802840
v -0.29000000 0.20258330 0.49750000
v -0.27975776 0.20258330 0.49802840
v -0.26990912 0.20258330 0.49959331
v -0.26083256 0.20258330 0.50213459
v -0.25287689 0.20258330 0.50555456
v -0.24634785 0.20258330 0.50972182
v -0.24149632 0.20258330 0.51447621
v -0.23850877 0.20258330 0.51963502
v -0.25408788 0.21216004 0.52500000
v -0.25477793 0.21216004 0.52866987
v -0.25682153 0.21216004 0.53219870
v -0.26014017 0.21216004 0.53545089
v -0.26460630 0.21216004 0.53830146
v -0.27004830 0.21216004 0.54064086
v -0.27625703 0.21216004 0.54237920
v -0.28299389 0.21216004 0.54344966
v -0.29000000 0.21216004 0.54381111
v -0.29700611 0.21216004 0.54344966
v -0.30374297 0.21216004 0.54237920
v -0.30995170 0.21216004 0.54064086
v -0.31539370 0.21216004 0.53830146
v -0.31985983 0.21216004 0.53545089
v -0.32317847 0.21216004 0.53219870
v -0.32522207 0.21216004 0.52866987
v -0.32591212 0.21216004 0.52500000
v -0.32522207 0.21216004 0.52133013
v -0.32317847 0.21216004 0.51780130
v -0.31985983 0.21216004 0.51454911
v -0.31539370 0.21216004 0.51169854
v -0.30995170 0.21216004 0.50935914
v -0.30374297 0.21216004 0.50762080
v -0.29700611 0.21216004 0.50655034
v -0.29000000 0.21216004 0.50618889
v -0.28299389 0.21216004 0.50655034
v -0.27625703 0.21216004 0.50762080
v -0.27004830 0.21216004 0.50935914
v -0.26460630 0.21216004 0.51169854
v -0.26014017 0.21216004 0.51454911
v -0.25682153 0.21216004 0.51780130
v -0.25477793 0.21216004 0.52133013
v -0.27176694 0.21802501 0.52500000
v -0.27211728 0.21802501 0.52686324
v -0.27315485 0.21802501 0.52865488
v -0.27483977 0.21802501 0.53030606
v -0.27710728 0.21802501 0.53175333
v -0.27987026 0.21802501 0.53294108
v -0.28302251 0.21802501 0.53382365
v -0.28644291 0.21802501 0.53436714
v -0.29000000 0.21802501 0.53455065
v -0.29355709 0.21802501 0.53436714
v -0.29697749 0.21802501 0.53382365
v -0.30012974 0.21802501 0.53294108
v -0.30289272 0.21802501 0.53175333
v -0.30516023 0.21802501 0.53030606
v -0.30684515 0.21802501 0.52865488
v -0.30788272 0.21802501 0.52686324
v -0.30823306 0.21802501 0.52500000
v -0.30788272 0.21802501 0.52313676
v -0.30684515 0.21802501 0.52134512
v -0.30516023 0.21802501 0.51969394
v -0.30289272 0.21802501 0.51824667
v -0.30012974 0.21802501 0.51705892
v -0.29697749 0.21802501 0.51617635
v -0.29355709 0.21802501 0.51563286
v -0.29000000 0.21802501 0.51544935
v -0.28644291 0.21802501 0.51563286
v -0.28302251 0.21802501 0.51617635
v -0.27987026 0.21802501 0.51705892
v -0.27710728 0.21802501 0.51824667
v -0.27483977 0.21802501 0.51969394
v -0.27315485 0.21802501 0.52134512
v -0.27211728 0.21802501 0.52313676
v -0.29000000 0.22000000 0.52500000
v -0.31700000 0.10400000 0.57900000
v -0.30803851 0.10551725 0.57900000
v -0.30872066 0.10551725 0.58030081
v -0.31066327 0.10551725 0.58140359
v -0.31357059 0.10551725 0.58214044
v -0.31700000 0.10551725 0.58239919
v -0.32042941 0.10551725 0.58214044
v -0.32333673 0.10551725 0.58140359
v -0.32527934 0.10551725 0.58030081
v -0.32596149 0.10551725 0.57900000
v -0.32527934 0.10551725 0.57769919
v -0.32333673 0.10551725 0.57659641
v -0.32042941 0.10551725 0.57585956
v -0.31700000 0.10551725 0.57560081
v -0.31357059 0.10551725 0.57585956
v -0.31066327 0.10551725 0.57659641
v -0.30872066 0.10551725 0.57769919
v -0.29995423 0.10992047 0.57900000
v -0.30125176 0.10992047 0.58147429
v -0.30494682 0.10992047 0.58357190
v -0.31047687 0.10992047 0.58497347
v -0.31700000 0.10992047 0.58546564
v -0.32352313 0.10992047 0.58497347
v -0.32905318 0.10992047 0.58357190
v -0.33274824 0.10992047 0.58147429
v -0.33404577 0.10992047 0.57900000
v -0.33274824 0.10992047 0.57652571
v -0.32905318 0.10992047 0.57442810
v -0.32352313 0.10992047 0.57302653
v -0.31700000 0.10992047 0.57253436
v -0.31047687 0.10992047 0.57302653
v -0.30494682 0.10992047 0.57442810
v -0.30125176 0.10992047 0.57652571
v -0.29353851 0.11677866 0.57900000
v -0.29532441 0.11677866 0.58240557
v -0.30041022 0.11677866 0.58529268
v -0.30802168 0.11677866 0.58722178
v -0.31700000 0.11677866 0.58789919
v -0.32597832 0.11677866 0.58722178
v -0.33358978 0.11677866 0.58529268
v -0.33867559 0.11677866 0.58240557
v -0.34046149 0.11677866 0.57900000
v -0.33867559 0.11677866 0.57559443
v -0.33358978 0.11677866 0.57270732
v -0.32597832 0.11677866 0.57077822
v -0.31700000 0.11677866 0.57010081
v -0.30802168 0.11677866 0.57077822
v -0.30041022 0.11677866 0.57270732
v -0.29532441 0.11677866 0.57559443
v -0.28941936 0.12542047 0.57900000
v -0.29151881 0.12542047 0.58300349
v -0.29749754 0.12542047 0.58639748
v -0.30644535 0.12542047 0.58866528
v -0.31700000 0.12542047 0.58946162
v -0.32755465 0.12542047 0.58866528
v -0.33650246 0.12542047 0.58639748
v -0.34248119 0.12542047 0.58300349
v -0.34458064 0.12542047 0.57900000
v -0.34248119 0.12542047 0.57499651
v -0.33650246 0.12542047 0.57160252
v -0.32755465 0.12542047 0.56933472
v -0.31700000 0.12542047 0.56853838
v -0.30644535 0.12542047 0.56933472
v -0.29749754 0.12542047 0.57160252
v -0.29151881 0.12542047 0.57499651
v -0.28800000 0.13500000 0.57900000
v -0.29020749 0.13500000 0.58320952
v -0.29649390 0.13500000 0.58677817
v -0.30590218 0.13500000 0.58916267
v -0.31700000 0.13500000 0.59000000
v -0.32809782 0.13500000 0.58916267
v -0.33750610 0.13500000 0.58677817
v -0.34379251 0.13500000 0.58320952
v -0.34600000 0.13500000 0.57900000
v -0.34379251 0.13500000 0.57479048
v -0.33750610 0.13500000 0.57122183
v -0.32809782 0.13500000 0.56883733
v -0.31700000 0.13500000 0.56800000
v -0.30590218 0.13500000 0.56883733
v -0.29649390 0.13500000 0.57122183
v -0.29020749 0.13500000 0.57479048
v -0.28941936 0.14457953 0.57900000
v -0.29151881 0.14457953 0.58300349
v -0.29749754 0.14457953 0.58639748
v -0.30644535 0.14457953 0.58866528
v -0.31700000 0.14457953 0.58946162
v -0.32755465 0.14457953 0.58866528
v -0.33650246 0.14457953 0.58639748
v -0.34248119 0.14457953 0.58300349
v -0.34458064 0.14457953 0.57900000
v -0.34248119 0.14457953 0.57499651
v -0.33650246 0.14457953 0.57160252
v -0.32755465 0.14457953 0.56933472
v -0.31700000 0.14457953 0.56853838
v -0.30644535 0.14457953 0.56933472
v -0.29749754 0.14457953 0.57160252
v -0.29151881 0.14457953 0.57499651
v -0.29353851 0.15322134 0.57900000
v -0.29532441 0.15322134 0.58240557
v -0.30041022 0.15322134 0.58529268
v -0.30802168 0.15322134 0.58722178
v -0.31700000 0.15322134 0.58789919
v -0.32597832 0.15322134 0.58722178
v -0.33358978 0.15322134 0.58529268
v -0.33867559 0.15322134 0.58240557
v -0.34046149 0.15322134 0.57900000
v -0.33867559 0.15322134 0.57559443
v -0.33358978 0.15322134 0.57270732
v -0.32597832 0.15322134 0.57077822
v -0.31700000 0.15322134 0.57010081
v -0.30802168 0.15322134 0.57077822
v -0.30041022 0.15322134 0.57270732
v -0.29532441 0.15322134 0.57559443
v -0.29995423 0.16007953 0.57900000
v -0.30125176 0.16007953 0.58147429
v -0.30494682 0.16007953 0.58357190
v -0.31047687 0.16007953 0.58497347
v -0.31700000 0.16007953 0.58546564
v -0.32352313 0.16007953 0.58497347
v -0.32905318 0.16007953 0.58357190
v -0.33274824 0.16007953 0.58147429
v -0.33404577 0.16007953 0.57900000
v -0.33274824 0.16007953 0.57652571
v -0.32905318 0.16007953 0.57442810
v -0.32352313 0.16007953 0.57302653
v -0.31700000 0.16007953 0.57253436
v -0.31047687 0.16007953 0.57302653
v -0.30494682 0.16007953 0.57442810
v -0.30125176 0.16007953 0.57652571
v -0.30803851 0.16448275 0.57900000
v -0.30872066 0.16448275 0.58030081
v -0.31066327 0.16448275 0.58140359
v -0.31357059 0.16448275 0.58214044
v -0.31700000 0.16448275 0.58239919
v -0.32042941 0.16448275 0.58214044
v -0.32333673 0.16448275 0.58140359
v -0.32527934 0.16448275 0.58030081
v -0.32596149 0.16448275 0.57900000
v -0.32527934 0.16448275 0.57769919
v -0.32333673 0.16448275 0.57659641
v -0.32042941 0.16448275 0.57585956
v -0.31700000 0.16448275 0.57560081
v -0.31357059 0.16448275 0.57585956
v -0.31066327 0.16448275 0.57659641
v -0.30872066 0.16448275 0.57769919
v -0.31700000 0.16600000 0.57900000
v -0.52000000 -0.26400000 0.42900000
v -0.48635352 -0.26181925 0.42900000
v -0.48800030 -0.26181925 0.43083953
v -0.49277943 -0.26181925 0.43249899
v -0.50022310 -0.26181925 0.43381595
v -0.50960267 -0.26181925 0.43466149
v -0.52000000 -0.26181925 0.43495284
v -0.53039733 -0.26181925 0.43466149
v -0.53977690 -0.26181925 0.43381595
v -0.54722057 -0.26181925 0.43249899
v -0.55199970 -0.26181925 0.43083953
v -0.55364648 -0.26181925 0.42900000
v -0.55199970 -0.26181925 0.42716047
v -0.54722057 -0.26181925 0.42550101
v -0.53977690 -0.26181925 0.42418405
v -0.53039733 -0.26181925 0.42333851
v -0.52000000 -0.26181925 0.42304716
v -0.50960267 -0.26181925 0.42333851
v -0.50022310 -0.26181925 0.42418405
v -0.49277943 -0.26181925 0.42550101
v -0.48800030 -0.26181925 0.42716047
v -0.45500000 -0.25542563 0.42900000
v -0.45818133 -0.25542563 0.43255370
v -0.46741390 -0.25542563 0.43575953
v -0.48179396 -0.25542563 0.43830370
v -0.49991390 -0.25542563 0.43993715
v -0.52000000 -0.25542563 0.44050000
v -0.54008610 -0.25542563 0.43993715
v -0.55820604 -0.25542563 0.43830370
v -0.57258610 -0.25542563 0.43575953
v -0.58181867 -0.25542563 0.43255370
v -0.58500000 -0.25542563 0.42900000
v -0.58181867 -0.25542563 0.42544630
v -0.57258610 -0.25542563 0.42224047
v -0.55820604 -0.25542563 0.41969630
v -0.54008610 -0.25542563 0.41806285
v -0.52000000 -0.25542563 0.41750000
v -0.49991390 -0.25542563 0.41806285
v -0.48179396 -0.25542563 0.41969630
v -0.46741390 -0.25542563 0.42224047
v -0.45818133 -0.25542563 0.42544630
v -0.42807612 -0.24525483 0.42900000
v -0.43257519 -0.24525483 0.43402568
v -0.44563202 -0.24525483 0.43855942
v -0.46596850 -0.24525483 0.44215741
v -0.49159396 -0.24525483 0.44446747
v -0.52000000 -0.24525483 0.44526346
v -0.54840604 -0.24525483 0.44446747
v -0.57403150 -0.24525483 0.44215741
v -0.59436798 -0.24525483 0.43855942
v -0.60742481 -0.24525483 0.43402568
v -0.61192388 -0.24525483 0.42900000
v -0.60742481 -0.24525483 0.42397432
v -0.59436798 -0.24525483 0.41944058
v -0.57403150 -0.24525483 0.41584259
v -0.54840604 -0.24525483 0.41353253
v -0.52000000 -0.24525483 0.41273654
v -0.49159396 -0.24525483 0.41353253
v -0.46596850 -0.24525483 0.41584259
v -0.44563202 -0.24525483 0.41944058
v -0.43257519 -0.24525483 0.42397432
v -0.40741670 -0.23200000 0.42900000
v -0.41292692 -0.23200000 0.43515518
v -0.42891820 -0.23200000 0.44070785
v -0.45382520 -0.23200000 0.44511447
v -0.48520985 -0.23200000 0.44794370
v -0.52000000 -0.23200000 0.44891858
v -0.55479015 -0.23200000 0.44794370
v -0.58617480 -0.23200000 0.44511447
v -0.61108180 -0.23200000 0.44070785
v -0.62707308 -0.23200000 0.43515518
v -0.63258330 -0.23200000 0.42900000
v -0.62707308 -0.23200000 0.42284482
v -0.61108180 -0.23200000 0.41729215
v -0.58617480 -0.23200000 0.41288553
v -0.55479015 -0.23200000 0.41005630
v -0.52000000 -0.23200000 0.40908142
v -0.48520985 -0.23200000 0.41005630
v -0.45382520 -0.23200000 0.41288553
v -0.42891820 -0.23200000 0.41729215
v -0.41292692 -0.23200000 0.42284482
v -0.39442964 -0.21656442 0.42900000
v -0.40057549 -0.21656442 0.43586521
v -0.41841145 -0.21656442 0.44205841
v -0.44619160 -0.21656442 0.44697336
v -0.48119663 -0.21656442 0.45012895
v -0.52000000 -0.21656442 0.45121629
v -0.55880337 -0.21656442 0.45012895
v -0.59380840 -0.21656442 0.44697336
v -0.62158855 -0.21656442 0.44205841
v -0.63942451 -0.21656442 0.43586521
v -0.64557036 -0.21656442 0.42900000
v -0.63942451 -0.21656442 0.42213479
v -0.62158855 -0.21656442 0.41594159
v -0.59380840 -0.21656442 0.41102664
v -0.55880337 -0.21656442 0.40787105
v -0.52000000 -0.21656442 0.40678371
v -0.48119663 -0.21656442 0.40787105
v -0.44619160 -0.21656442 0.41102664
v -0.41841145 -0.21656442 0.41594159
v -0.40057549 -0.21656442 0.42213479
v -0.39000000 -0.20000000 0.42900000
v -0.39636265 -0.20000000 0.43610739
v -0.41482779 -0.20000000 0.44251906
v -0.44358792 -0.20000000 0.44760739
v -0.47982779 -0.20000000 0.45087430
v -0.52000000 -0.20000000 0.45200000
v -0.56017221 -0.20000000 0.45087430
v -0.59641208 -0.20000000 0.44760739
v -0.62517221 -0.20000000 0.44251906
v -0.64363735 -0.20000000 0.43610739
v -0.65000000 -0.20000000 0.42900000
v -0.64363735 -0.20000000 0.42189261
v -0.62517221 -0.20000000 0.41548094
v -0.59641208 -0.20000000 0.41039261
v -0.56017221 -0.20000000 0.40712570
v -0.52000000 -0.20000000 0.40600000
v -0.47982779 -0.20000000 0.40712570
v -0.44358792 -0.20000000 0.41039261
v -0.41482779 -0.20000000 0.41548094
v -0.39636265 -0.20000000 0.42189261
v -0.39442964 -0.18343558 0.42900000
v -0.40057549 -0.18343558 0.43586521
v -0.41841145 -0.18343558 0.44205841
v -0.44619160 -0.18343558 0.44697336
v -0.48119663 -0.18343558 0.45012895
v -0.52000000 -0.18343558 0.45121629
v -0.55880337 -0.18343558 0.45012895
v -0.59380840 -0.18343558 0.44697336
v -0.62158855 -0.18343558 0.44205841
v -0.63942451 -0.18343558 0.43586521
v -0.64557036 -0.18343558 0.42900000
v -0.63942451 -0.18343558 0.42213479
v -0.62158855 -0.18343558 0.41594159
v -0.59380840 -0.18343558 0.41102664
v -0.55880337 -0.18343558 0.40787105
v -0.52000000 -0.18343558 0.40678371
v -0.48119663 -0.18343558 0.40787105
v -0.44619160 -0.18343558 0.41102664
v -0.41841145 -0.18343558 0.41594159
v -0.40057549 -0.18343558 0.42213479
v -0.40741670 -0.16800000 0.42900000
v -0.41292692 -0.16800000 0.43515518
v -0.42891820 -0.16800000 0.44070785
v -0.45382520 -0.16800000 0.44511447
v -0.48520985 -0.16800000 0.44794370
v -0.52000000 -0.16800000 0.44891858
v -0.55479015 -0.16800000 0.44794370
v -0.58617480 -0.16800000 0.44511447
v -0.61108180 -0.16800000 0.44070785
v -0.62707308 -0.16800000 0.43515518
v -0.63258330 -0.16800000 0.42900000
v -0.62707308 -0.16800000 0.42284482
v -0.61108180 -0.16800000 0.41729215
v -0.58617480 -0.16800000 0.41288553
v -0.55479015 -0.16800000 0.41005630
v -0.52000000 -0.16800000 0.40908142
v -0.48520985 -0.16800000 0.41005630
v -0.45382520 -0.16800000 0.41288553
v -0.42891820 -0.16800000 0.41729215
v -0.41292692 -0.16800000 0.42284482
v -0.42807612 -0.15474517 0.42900000
v -0.43257519 -0.15474517 0.43402568
v -0.44563202 -0.15474517 0.43855942
v -0.46596850 -0.15474517 0.44215741
v -0.49159396 -0.15474517 0.44446747
v -0.52000000 -0.15474517 0.44526346
v -0.54840604 -0.15474517 0.44446747
v -0.57403150 -0.15474517 0.44215741
v -0.59436798 -0.15474517 0.43855942
v -0.60742481 -0.15474517 0.43402568
v -0.61192388 -0.15474517 0.42900000
v -0.60742481 -0.15474517 0.42397432
v -0.59436798 -0.15474517 0.41944058
v -0.57403150 -0.15474517 0.41584259
v -0.54840604 -0.15474517 0.41353253
v -0.52000000 -0.15474517 0.41273654
v -0.49159396 -0.15474517 0.41353253
v -0.46596850 -0.15474517 0.41584259
v -0.44563202 -0.15474517 0.41944058
v -0.43257519 -0.15474517 0.42397432
v -0.45500000 -0.14457437 0.42900000
v -0.45818133 -0.14457437 0.43255370
v -0.46741390 -0.14457437 0.43575953
v -0.48179396 -0.14457437 0.43830370
v -0.49991390 -0.14457437 0.43993715
v -0.52000000 -0.14457437 0.44050000
v -0.54008610 -0.14457437 0.43993715
v -0.55820604 -0.14457437 0.43830370
v -0.57258610 -0.14457437 0.43575953
v -0.58181867 -0.14457437 0.43255370
v -0.58500000 -0.14457437 0.42900000
v -0.58181867 -0.14457437 0.42544630
v -0.57258610 -0.14457437 0.42224047
v -0.55820604 -0.14457437 0.41969630
v -0.54008610 -0.14457437 0.41806285
v -0.52000000 -0.14457437 0.41750000
v -0.49991390 -0.14457437 0.41806285
v -0.48179396 -0.14457437 0.41969630
v -0.46741390 -0.14457437 0.42224047
v -0.45818133 -0.14457437 0.42544630
v -0.48635352 -0.13818075 0.42900000
v -0.48800030 -0.13818075 0.43083953
v -0.49277943 -0.13818075 0.43249899
v -0.50022310 -0.13818075 0.43381595
v -0.50960267 -0.13818075 0.43466149
v -0.52000000 -0.13818075 0.43495284
v -0.53039733 -0.13818075 0.43466149
v -0.53977690 -0.13818075 0.43381595
v -0.54722057 -0.13818075 0.43249899
v -0.55199970 -0.13818075 0.43083953
v -0.55364648 -0.13818075 0.42900000
v -0.55199970 -0.13818075 0.42716047
v -0.54722057 -0.13818075 0.42550101
v -0.53977690 -0.13818075 0.42418405
v -0.53039733 -0.13818075 0.42333851
v -0.52000000 -0.13818075 0.42304716
v -0.50960267 -0.13818075 0.42333851
v -0.50022310 -0.13818075 0.42418405
v -0.49277943 -0.13818075 0.42550101
v -0.48800030 -0.13818075 0.42716047
v -0.52000000 -0.13600000 0.42900000
v 0.29000000 -0.04000000 0.52500000
v 0.30823306 -0.03802501 0.52500000
v 0.30788272 -0.03802501 0.52686324
v 0.30684515 -0.03802501 0.52865488
v 0.30516023 -0.03802501 0.53030606
v 0.30289272 -0.03802501 0.53175333
v 0.30012974 -0.03802501 0.53294108
v 0.29697749 -0.03802501 0.53382365
v 0.29355709 -0.03802501 0.53436714
v 0.29000000 -0.03802501 0.53455065
v 0.28644291 -0.03802501 0.53436714
v 0.28302251 -0.03802501 0.53382365
v 0.27987026 -0.03802501 0.53294108
v 0.27710728 -0.03802501 0.53175333
v 0.27483977 -0.03802501 0.53030606
v 0.27315485 -0.03802501 0.52865488
v 0.27211728 -0.03802501 0.52686324
v 0.27176694 -0.03802501 0.52500000
v 0.27211728 -0.03802501 0.52313676
v 0.27315485 -0.03802501 0.52134512
v 0.27483977 -0.03802501 0.51969394
v 0.27710728 -0.03802501 0.51824667
v 0.27987026 -0.03802501 0.51705892
v 0.28302251 -0.03802501 0.51617635
v 0.28644291 -0.03802501 0.51563286
v 0.29000000 -0.03802501 0.51544935
v 0.29355709 -0.03802501 0.51563286
v 0.29697749 -0.03802501 0.51617635
v 0.30012974 -0.03802501 0.51705892
v 0.30289272 -0.03802501 0.51824667
v 0.30516023 -0.03802501 0.51969394
v 0.30684515 -0.03802501 0.52134512
v 0.30788272 -0.03802501 0.52313676
v 0.32591212 -0.03216004 0.52500000
v 0.32522207 -0.03216004 0.52866987
v 0.32317847 -0.03216004 0.53219870
v 0.31985983 -0.03216004 0.53545089
v 0.31539370 -0.03216004 0.53830146
v 0.30995170 -0.03216004 0.54064086
v 0.30374297 -0.03216004 0.54237920
v 0.29700611 -0.03216004 0.54344966
v 0.29000000 -0.03216004 0.54381111
v 0.28299389 -0.03216004 0.54344966
v 0.27625703 -0.03216004 0.54237920
v 0.27004830 -0.03216004 0.54064086
v 0.26460630 -0.03216004 0.53830146
v 0.26014017 -0.03216004 0.53545089
v 0.25682153 -0.03216004 0.53219870
v 0.25477793 -0.03216004 0.52866987
v 0.25408788 -0.03216004 0.52500000
v 0.25477793 -0.03216004 0.52133013
v 0.25682153 -0.03216004 0.51780130
v 0.26014017 -0.03216004 0.51454911
v 0.26460630 -0.03216004 0.51169854
v 0.27004830 -0.03216004 0.50935914
v 0.27625703 -0.03216004 0.50762080
v 0.28299389 -0.03216004 0.50655034
v 0.29000000 -0.03216004 0.50618889
v 0.29700611 -0.03216004 0.50655034
v 0.30374297 -0.03216004 0.50762080
v 0.30995170 -0.03216004 0.50935914
v 0.31539370 -0.03216004 0.51169854
v 0.31985983 -0.03216004 0.51454911
v 0.32317847 -0.03216004 0.51780130
v 0.32522207 -0.03216004 0.52133013
v 0.34250000 -0.02258330 0.52500000
v 0.34149123 -0.02258330 0.53036498
v 0.33850368 -0.02258330 0.53552379
v 0.33365215 -0.02258330 0.54027818
v 0.32712311 -0.02258330 0.54444544
v 0.31916744 -0.02258330 0.54786541
v 0.31009088 -0.02258330 0.55040669
v 0.30024224 -0.02258330 0.55197160
v 0.29000000 -0.02258330 0.55250000
v 0.27975776 -0.02258330 0.55197160
v 0.26990912 -0.02258330 0.55040669
v 0.26083256 -0.02258330 0.54786541
v 0.25287689 -0.02258330 0.54444544
v 0.24634785 -0.02258330 0.54027818
v 0.24149632 -0.02258330 0.53552379
v 0.23850877 -0.02258330 0.53036498
v 0.23750000 -0.02258330 0.52500000
v 0.23850877 -0.02258330 0.51963502
v 0.24149632 -0.02258330 0.51447621
v 0.24634785 -0.02258330 0.50972182
v 0.25287689 -0.02258330 0.50555456
v 0.26083256 -0.02258330 0.50213459
v 0.26990912 -0.02258330 0.49959331
v 0.27975776 -0.02258330 0.49802840
v 0.29000000 -0.02258330 0.49750000
v 0.30024224 -0.02258330 0.49802840
v 0.31009088 -0.02258330 0.49959331
v 0.31916744 -0.02258330 0.50213459
v 0.32712311 -0.02258330 0.50555456
v 0.33365215 -0.02258330 0.50972182
v 0.33850368 -0.02258330 0.51447621
v 0.34149123 -0.02258330 0.51963502
v 0.35749270 -0.00958578 0.52500000
v 0.35619585 -0.00958578 0.53189709
v 0.35235512 -0.00958578 0.53852913
v 0.34611813 -0.00958578 0.54464125
v 0.33772455 -0.00958578 0.54999857
v 0.32749693 -0.00958578 0.55439521
v 0.31582834 -0.00958578 0.55766221
v 0.30316717 -0.00958578 0.55967401
v 0.29000000 -0.00958578 0.56035332
v 0.27683283 -0.00958578 0.55967401
v 0.26417166 -0.00958578 0.55766221
v 0.25250307 -0.00958578 0.55439521
v 0.24227545 -0.00958578 0.54999857
v 0.23388187 -0.00958578 0.54464125
v 0.22764488 -0.00958578 0.53852913
v 0.22380415 -0.00958578 0.53189709
v 0.22250730 -0.00958578 0.52500000
v 0.22380415 -0.00958578 0.51810291
v 0.22764488 -0.00958578 0.51147087
v 0.23388187 -0.00958578 0.50535875
v 0.24227545 -0.00958578 0.50000143
v 0.25250307 -0.00958578 0.49560479
v 0.26417166 -0.00958578 0.49233779
v 0.27683283 -0.00958578 0.49032599
v 0.29000000 -0.00958578 0.48964668
v 0.30316717 -0.00958578 0.49032599
v 0.31582834 -0.00958578 0.49233779
v 0.32749693 -0.00958578 0.49560479
v 0.33772455 -0.00958578 0.50000143
v 0.34611813 -0.00958578 0.50535875
v 0.35235512 -0.00958578 0.51147087
v 0.35619585 -0.00958578 0.51810291
v 0.37043467 0.00643761 0.52500000
v 0.36888914 0.00643761 0.53321963
v 0.36431194 0.00643761 0.54112339
v 0.35687898 0.00643761 0.54840753
v 0.34687590 0.00643761 0.55479214
v 0.33468711 0.00643761 0.56003185
v 0.32078101 0.00643761 0.56392530
v 0.30569202 0.00643761 0.56632288
v 0.29000000 0.00643761 0.56713244
v 0.27430798 0.00643761 0.56632288
v 0.25921899 0.00643761 0.56392530
v 0.24531289 0.00643761 0.56003185
v 0.23312410 0.00643761 0.55479214
v 0.22312102 0.00643761 0.54840753
v 0.21568806 0.00643761 0.54112339
v 0.21111086 0.00643761 0.53321963
v 0.20956533 0.00643761 0.52500000
v 0.21111086 0.00643761 0.51678037
v 0.21568806 0.00643761 0.50887661
v 0.22312102 0.00643761 0.50159247
v 0.23312410 0.00643761 0.49520786
v 0.24531289 0.00643761 0.48996815
v 0.25921899 0.00643761 0.48607470
v 0.27430798 0.00643761 0.48367712
v 0.29000000 0.00643761 0.48286756
v 0.30569202 0.00643761 0.48367712
v 0.32078101 0.00643761 0.48607470
v 0.33468711 0.00643761 0.48996815
v 0.34687590 0.00643761 0.49520786
v 0.35687898 0.00643761 0.50159247
v 0.36431194 0.00643761 0.50887661
v 0.36888914 0.00643761 0.51678037
v 0.38093267 0.02500000 0.52500000
v 0.37918542 0.02500000 0.53429242
v 0.37401083 0.02500000 0.54322775
v 0.36560775 0.02500000 0.55146259
v 0.35429911 0.02500000 0.55868048
v 0.34051948 0.02500000 0.56460406
v 0.32479843 0.02500000 0.56900567
v 0.30774008 0.02500000 0.57171617
v 0.29000000 0.02500000 0.57263140
v 0.27225992 0.02500000 0.57171617
v 0.25520157 0.02500000 0.56900567
v 0.23948052 0.02500000 0.56460406
v 0.22570089 0.02500000 0.55868048
v 0.21439225 0.02500000 0.55146259
v 0.20598917 0.02500000 0.54322775
v 0.20081458 0.02500000 0.53429242
v 0.19906733 0.02500000 0.52500000
v 0.20081458 0.02500000 0.51570758
v 0.20598917 0.02500000 0.50677225
v 0.21439225 0.02500000 0.49853741
v 0.22570089 0.02500000 0.49131952
v 0.23948052 0.02500000 0.48539594
v 0.25520157 0.02500000 0.48099433
v 0.27225992 0.02500000 0.47828383
v 0.29000000 0.02500000 0.47736860
v 0.30774008 0.02500000 0.47828383
v 0.32479843 0.02500000 0.48099433
v 0.34051948 0.02500000 0.48539594
v 0.35429911 0.02500000 0.49131952
v 0.36560775 0.02500000 0.49853741
v 0.37401083 0.02500000 0.50677225
v 0.37918542 0.02500000 0.51570758
v 0.38866773 0.04553738 0.52500000
v 0.38677185 0.04553738 0.53508287
v 0.38115709 0.04553738 0.54477826
v 0.37203922 0.04553738 0.55371359
v 0.35976862 0.04553738 0.56154547
v 0.34481685 0.04553738 0.56797292
v 0.32775850 0.04553738 0.57274895
v 0.30924912 0.04553738 0.57569002
v 0.29000000 0.04553738 0.57668309
v 0.27075088 0.04553738 0.57569002
v 0.25224150 0.04553738 0.57274895
v 0.23518315 0.04553738 0.56797292
v 0.22023138 0.04553738 0.56154547
v 0.20796078 0.04553738 0.55371359
v 0.19884291 0.04553738 0.54477826
v 0.19322815 0.04553738 0.53508287
v 0.19133227 0.04553738 0.52500000
v 0.19322815 0.04553738 0.51491713
v 0.19884291 0.04553738 0.50522174
v 0.20796078 0.04553738 0.49628641
v 0.22023138 0.04553738 0.48845453
v 0.23518315 0.04553738 0.48202708
v 0.25224150 0.04553738 0.47725105
v 0.27075088 0.04553738 0.47430998
v 0.29000000 0.04553738 0.47331691
v 0.30924912 0.04553738 0.47430998
v 0.32775850 0.04553738 0.47725105
v 0.34481685 0.04553738 0.48202708
v 0.35976862 0.04553738 0.48845453
v 0.37203922 0.04553738 0.49628641
v 0.38115709 0.04553738 0.50522174
v 0.38677185 0.04553738 0.51491713
v 0.39340481 0.06742574 0.52500000
v 0.39141792 0.06742574 0.53556696
v 0.38553359 0.06742574 0.54572783
v 0.37597796 0.06742574 0.55509214
v 0.36311825 0.06742574 0.56330003
v 0.34744864 0.06742574 0.57003607
v 0.32957131 0.06742574 0.57504140
v 0.31017328 0.06742574 0.57812367
v 0.29000000 0.06742574 0.57916443
v 0.26982672 0.06742574 0.57812367
v 0.25042869 0.06742574 0.57504140
v 0.23255136 0.06742574 0.57003607
v 0.21688175 0.06742574 0.56330003
v 0.20402204 0.06742574 0.55509214
v 0.19446641 0.06742574 0.54572783
v 0.18858208 0.06742574 0.53556696
v 0.18659519 0.06742574 0.52500000
v 0.18858208 0.06742574 0.51443304
v 0.19446641 0.06742574 0.50427217
v 0.20402204 0.06742574 0.49490786
v 0.21688175 0.06742574 0.48669997
v 0.23255136 0.06742574 0.47996393
v 0.25042869 0.06742574 0.47495860
v 0.26982672 0.06742574 0.47187633
v 0.29000000 0.06742574 0.47083557
v 0.31017328 0.06742574 0.47187633
v 0.32957131 0.06742574 0.47495860
v 0.34744864 0.06742574 0.47996393
v 0.36311825 0.06742574 0.48669997
v 0.37597796 0.06742574 0.49490786
v 0.38553359 0.06742574 0.50427217
v 0.39141792 0.06742574 0.51443304
v 0.39500000 0.09000000 0.52500000
v 0.39298245 0.09000000 0.53572997
v 0.38700735 0.09000000 0.54604759
v 0.37730431 0.09000000 0.55555636
v 0.36424621 0.09000000 0.56389087
v 0.34833487 0.09000000 0.57073083
v 0.33018176 0.09000000 0.57581337
v 0.31048448 0.09000000 0.57894319
v 0.29000000 0.09000000 0.58000000
v 0.26951552 0.09000000 0.57894319
v 0.24981824 0.09000000 0.57581337
v 0.23166513 0.09000000 0.57073083
v 0.21575379 0.09000000 0.56389087
v 0.20269569 0.09000000 0.55555636
v 0.19299265 0.09000000 0.54604759
v 0.18701755 0.09000000 0.53572997
v 0.18500000 0.09000000 0.52500000
v 0.18701755 0.09000000 0.51427003
v 0.19299265 0.09000000 0.50395241
v 0.20269569 0.09000000 0.49444364
v 0.21575379 0.09000000 0.48610913
v 0.23166513 0.09000000 0.47926917
v 0.24981824 0.09000000 0.47418663
v 0.26951552 0.09000000 0.47105681
v 0.29000000 0.09000000 0.47000000
v 0.31048448 0.09000000 0.47105681
v 0.33018176 0.09000000 0.47418663
v 0.34833487 0.09000000 0.47926917
v 0.36424621 0.09000000 0.48610913
v 0.37730431 0.09000000 0.49444364
v 0.38700735 0.09000000 0.50395241
v 0.39298245 0.09000000 0.51427003
v 0.39340481 0.11257426 0.52500000
v 0.39141792 0.11257426 0.53556696
v 0.38553359 0.11257426 0.54572783
v 0.37597796 0.11257426 0.55509214
v 0.36311825 0.11257426 0.56330003
v 0.34744864 0.11257426 0.57003607
v 0.32957131 0.11257426 0.57504140
v 0.31017328 0.11257426 0.57812367
v 0.29000000 0.11257426 0.57916443
v 0.26982672 0.11257426 0.57812367
v 0.25042869 0.11257426 0.57504140
v 0.23255136 0.11257426 0.57003607
v 0.21688175 0.11257426 0.56330003
v 0.20402204 0.11257426 0.55509214
v 0.19446641 0.11257426 0.54572783
v 0.18858208 0.11257426 0.53556696
v 0.18659519 0.11257426 0.52500000
v 0.18858208 0.11257426 0.51443304
v 0.19446641 0.11257426 0.50427217
v 0.20402204 0.11257426 0.49490786
v 0.21688175 0.11257426 0.48669997
v 0.23255136 0.11257426 0.47996393
v 0.25042869 0.11257426 0.47495860
v 0.26982672 0.11257426 0.47187633
v 0.29000000 0.11257426 0.47083557
v 0.31017328 0.11257426 0.47187633
v 0.32957131 0.11257426 0.47495860
v 0.34744864 0.11257426 0.47996393
v 0.36311825 0.11257426 0.48669997
v 0.37597796 0.11257426 0.49490786
v 0.38553359 0.11257426 0.50427217
v 0.39141792 0.11257426 0.51443304
v 0.38866773 0.13446262 0.52500000
v 0.38677185 0.13446262 0.53508287
v 0.38115709 0.13446262 0.54477826
v 0.37203922 0.13446262 0.55371359
v 0.35976862 0.13446262 0.56154547
v 0.34481685 0.13446262 0.56797292
v 0.32775850 0.13446262 0.57274895
v 0.30924912 0.13446262 0.57569002
v 0.29000000 0.13446262 0.57668309
v 0.27075088 0.13446262 0.57569002
v 0.25224150 0.13446262 0.57274895
v 0.23518315 0.13446262 0.56797292
v 0.22023138 0.13446262 0.56154547
v 0.20796078 0.13446262 0.55371359
v 0.19884291 0.13446262 0.54477826
v 0.19322815 0.13446262 0.53508287
v 0.19133227 0.13446262 0.52500000
v 0.19322815 0.13446262 0.51491713
v 0.19884291 0.13446262 0.50522174
v 0.20796078 0.13446262 0.49628641
v 0.22023138 0.13446262 0.48845453
v 0.23518315 0.13446262 0.48202708
v 0.25224150 0.13446262 0.47725105
v 0.27075088 0.13446262 0.47430998
v 0.29000000 0.13446262 0.47331691
v 0.30924912 0.13446262 0.47430998
v 0.32775850 0.13446262 0.47725105
v 0.34481685 0.13446262 0.48202708
v 0.35976862 0.13446262 0.48845453
v 0.37203922 0.13446262 0.49628641
v 0.38115709 0.13446262 0.50522174
v 0.38677185 0.13446262 0.51491713
v 0.38093267 0.15500000 0.52500000
v 0.37918542 0.15500000 0.53429242
v 0.37401083 0.15500000 0.54322775
v 0.36560775 0.15500000 0.55146259
v 0.35429911 0.15500000 0.55868048
v 0.34051948 0.15500000 0.56460406
v 0.32479843 0.15500000 0.56900567
v 0.30774008 0.15500000 0.57171617
v 0.29000000 0.15500000 0.57263140
v 0.27225992 0.15500000 0.57171617
v 0.25520157 0.15500000 0.56900567
v 0.23948052 0.15500000 0.56460406
v 0.22570089 0.15500000 0.55868048
v 0.21439225 0.15500000 0.55146259
v 0.20598917 0.15500000 0.54322775
v 0.20081458 0.15500000 0.53429242
v 0.19906733 0.15500000 0.52500000
v 0.20081458 0.15500000 0.51570758
v 0.20598917 0.15500000 0.50677225
v 0.21439225 0.15500000 0.49853741
v 0.22570089 0.15500000 0.49131952
v 0.23948052 0.15500000 0.48539594
v 0.25520157 0.15500000 0.48099433
v 0.27225992 0.15500000 0.47828383
v 0.29000000 0.15500000 0.47736860
v 0.30774008 0.15500000 0.47828383
v 0.32479843 0.15500000 0.48099433
v 0.34051948 0.15500000 0.48539594
v 0.35429911 0.15500000 0.49131952
v 0.36560775 0.15500000 0.49853741
v 0.37401083 0.15500000 0.50677225
v 0.37918542 0.15500000 0.51570758
v 0.37043467 0.17356239 0.52500000
v 0.36888914 0.17356239 0.53321963
v 0.36431194 0.17356239 0.54112339
v 0.35687898 0.17356239 0.54840753
v 0.34687590 0.17356239 0.55479214
v 0.33468711 0.17356239 0.56003185
v 0.32078101 0.17356239 0.56392530
v 0.30569202 0.17356239 0.56632288
v 0.29000000 0.17356239 0.56713244
v 0.27430798 0.17356239 0.56632288
v 0.25921899 0.17356239 0.56392530
v 0.24531289 0.17356239 0.56003185
v 0.23312410 0.17356239 0.55479214
v 0.22312102 0.17356239 0.54840753
v 0.21568806 0.17356239 0.54112339
v 0.21111086 0.17356239 0.53321963
v 0.20956533 0.17356239 0.52500000
v 0.21111086 0.17356239 0.51678037
v 0.21568806 0.17356239 0.50887661
v 0.22312102 0.17356239 0.50159247
v 0.23312410 0.17356239 0.49520786
v 0.24531289 0.17356239 0.48996815
v 0.25921899 0.17356239 0.48607470
v 0.27430798 0.17356239 0.48367712
v 0.29000000 0.17356239 0.48286756
v 0.30569202 0.17356239 0.48367712
v 0.32078101 0.17356239 0.48607470
v 0.33468711 0.17356239 0.48996815
v 0.34687590 0.17356239 0.49520786
v 0.35687898 0.17356239 0.50159247
v 0.36431194 0.17356239 0.50887661
v 0.36888914 0.17356239 0.51678037
v 0.35749270 0.18958578 0.52500000
v 0.35619585 0.18958578 0.53189709
v 0.35235512 0.18958578 0.53852913
v 0.34611813 0.18958578 0.54464125
v 0.33772455 0.18958578 0.54999857
v 0.32749693 0.18958578 0.55439521
v 0.31582834 0.18958578 0.55766221
v 0.30316717 0.18958578 0.55967401
v 0.29000000 0.18958578 0.56035332
v 0.27683283 0.18958578 0.55967401
v 0.26417166 0.18958578 0.55766221
v 0.25250307 0.18958578 0.55439521
v 0.24227545 0.18958578 0.54999857
v 0.23388187 0.18958578 0.54464125
v 0.22764488 0.18958578 0.53852913
v 0.22380415 0.18958578 0.53189709
v 0.22250730 0.18958578 0.52500000
v 0.22380415 0.18958578 0.51810291
v 0.22764488 0.18958578 0.51147087
v 0.23388187 0.18958578 0.50535875
v 0.24227545 0.18958578 0.50000143
v 0.25250307 0.18958578 0.49560479
v 0.26417166 0.18958578 0.49233779
v 0.27683283 0.18958578 0.49032599
v 0.29000000 0.18958578 0.48964668
v 0.30316717 0.18958578 0.49032599
v 0.31582834 0.18958578 0.49233779
v 0.32749693 0.18958578 0.49560479
v 0.33772455 0.18958578 0.50000143
v 0.34611813 0.18958578 0.50535875
v 0.35235512 0.18958578 0.51147087
v 0.35619585 0.18958578 0.51810291
v 0.34250000 0.20258330 0.52500000
v 0.34149123 0.20258330 0.53036498
v 0.33850368 0.20258330 0.53552379
v 0.33365215 0.20258330 0.54027818
v 0.32712311 0.20258330 0.54444544
v 0.31916744 0.20258330 0.54786541
v 0.31009088 0.20258330 0.55040669
v 0.30024224 0.20258330 0.55197160
v 0.29000000 0.20258330 0.55250000
v 0.27975776 0.20258330 0.55197160
v 0.26990912 0.20258330 0.55040669
v 0.26083256 0.20258330 0.54786541
v 0.25287689 0.20258330 0.54444544
v 0.24634785 0.20258330 0.54027818
v 0.24149632 0.20258330 0.53552379
v 0.23850877 0.20258330 0.53036498
v 0.23750000 0.20258330 0.52500000
v 0.23850877 0.20258330 0.51963502
v 0.24149632 0.20258330 0.51447621
v 0.24634785 0.20258330 0.50972182
v 0.25287689 0.20258330 0.50555456
v 0.26083256 0.20258330 0.50213459
v 0.26990912 0.20258330 0.49959331
v 0.27975776 0.20258330 0.49802840
v 0.29000000 0.20258330 0.49750000
v 0.30024224 0.20258330 0.49802840
v 0.31009088 0.20258330 0.49959331
v 0.31916744 0.20258330 0.50213459
v 0.32712311 0.20258330 0.50555456
v 0.33365215 0.20258330 0.50972182
v 0.33850368 0.20258330 0.51447621
v 0.34149123 0.20258330 0.51963502
v 0.32591212 0.21216004 0.52500000
v 0.32522207 0.21216004 0.52866987
v 0.32317847 0.21216004 0.53219870
v 0.31985983 0.21216004 0.53545089
v 0.31539370 0.21216004 0.53830146
v 0.30995170 0.21216004 0.54064086
v 0.30374297 0.21216004 0.54237920
v 0.29700611 0.21216004 0.54344966
v 0.29000000 0.21216004 0.54381111
v 0.28299389 0.21216004 0.54344966
v 0.27625703 0.21216004 0.54237920
v 0.27004830 0.21216004 0.54064086
v 0.26460630 0.21216004 0.53830146
v 0.26014017 0.21216004 0.53545089
v 0.25682153 0.21216004 0.53219870
v 0.25477793 0.21216004 0.52866987
v 0.25408788 0.21216004 0.52500000
v 0.25477793 0.21216004 0.52133013
v 0.25682153 0.21216004 0.51780130
v 0.26014017 0.21216004 0.51454911
v 0.26460630 0.21216004 0.51169854
v 0.27004830 0.21216004 0.50935914
v 0.27625703 0.21216004 0.50762080
v 0.28299389 0.21216004 0.50655034
v 0.29000000 0.21216004 0.50618889
v 0.29700611 0.21216004 0.50655034
v 0.30374297 0.21216004 0.50762080
v 0.30995170 0.21216004 0.50935914
v 0.31539370 0.21216004 0.51169854
v 0.31985983 0.21216004 0.51454911
v 0.32317847 0.21216004 0.51780130
v 0.32522207 0.21216004 0.52133013
v 0.30823306 0.21802501 0.52500000
v 0.30788272 0.21802501 0.52686324
v 0.30684515 0.21802501 0.52865488
v 0.30516023 0.21802501 0.53030606
v 0.30289272 0.21802501 0.53175333
v 0.30012974 0.21802501 0.53294108
v 0.29697749 0.21802501 0.53382365
v 0.29355709 0.21802501 0.53436714
v 0.29000000 0.21802501 0.53455065
v 0.28644291 0.21802501 0.53436714
v 0.28302251 0.21802501 0.53382365
v 0.27987026 0.21802501 0.53294108
v 0.27710728 0.21802501 0.53175333
v 0.27483977 0.21802501 0.53030606
v 0.27315485 0.21802501 0.52865488
v 0.27211728 0.21802501 0.52686324
v 0.27176694 0.21802501 0.52500000
v 0.27211728 0.21802501 0.52313676
v 0.27315485 0.21802501 0.52134512
v 0.27483977 0.21802501 0.51969394
v 0.27710728 0.21802501 0.51824667
v 0.27987026 0.21802501 0.51705892
v 0.28302251 0.21802501 0.51617635
v 0.28644291 0.21802501 0.51563286
v 0.29000000 0.21802501 0.51544935
v 0.29355709 0.21802501 0.51563286
v 0.29697749 0.21802501 0.51617635
v 0.30012974 0.21802501 0.51705892
v 0.30289272 0.21802501 0.51824667
v 0.30516023 0.21802501 0.51969394
v 0.30684515 0.21802501 0.52134512
v 0.30788272 0.21802501 0.52313676
v 0.29000000 0.22000000 0.52500000
v 0.26300000 0.10400000 0.57900000
v 0.27196149 0.10551725 0.57900000
v 0.27127934 0.10551725 0.58030081
v 0.26933673 0.10551725 0.58140359
v 0.26642941 0.10551725 0.58214044
v 0.26300000 0.10551725 0.58239919
v 0.25957059 0.10551725 0.58214044
v 0.25666327 0.10551725 0.58140359
v 0.25472066 0.10551725 0.58030081
v 0.25403851 0.10551725 0.57900000
v 0.25472066 0.10551725 0.57769919
v 0.25666327 0.10551725 0.57659641
v 0.25957059 0.10551725 0.57585956
v 0.26300000 0.10551725 0.57560081
v 0.26642941 0.10551725 0.57585956
v 0.26933673 0.10551725 0.57659641
v 0.27127934 0.10551725 0.57769919
v 0.28004577 0.10992047 0.57900000
v 0.27874824 0.10992047 0.58147429
v 0.27505318 0.10992047 0.58357190
v 0.26952313 0.10992047 0.58497347
v 0.26300000 0.10992047 0.58546564
v 0.25647687 0.10992047 0.58497347
v 0.25094682 0.10992047 0.58357190
v 0.24725176 0.10992047 0.58147429
v 0.24595423 0.10992047 0.57900000
v 0.24725176 0.10992047 0.57652571
v 0.25094682 0.10992047 0.57442810
v 0.25647687 0.10992047 0.57302653
v 0.26300000 0.10992047 0.57253436
v 0.26952313 0.10992047 0.57302653
v 0.27505318 0.10992047 0.57442810
v 0.27874824 0.10992047 0.57652571
v 0.28646149 0.11677866 0.57900000
v 0.28467559 0.11677866 0.58240557
v 0.27958978 0.11677866 0.58529268
v 0.27197832 0.11677866 0.58722178
v 0.26300000 0.11677866 0.58789919
v 0.25402168 0.11677866 0.58722178
v 0.24641022 0.11677866 0.58529268
v 0.24132441 0.11677866 0.58240557
v 0.23953851 0.11677866 0.57900000
v 0.24132441 0.11677866 0.57559443
v 0.24641022 0.11677866 0.57270732
v 0.25402168 0.11677866 0.57077822
v 0.26300000 0.11677866 0.57010081
v 0.27197832 0.11677866 0.57077822
v 0.27958978 0.11677866 0.57270732
v 0.28467559 0.11677866 0.57559443
v 0.29058064 0.12542047 0.57900000
v 0.28848119 0.12542047 0.58300349
v 0.28250246 0.12542047 0.58639748
v 0.27355465 0.12542047 0.58866528
v 0.26300000 0.12542047 0.58946162
v 0.25244535 0.12542047 0.58866528
v 0.24349754 0.12542047 0.58639748
v 0.23751881 0.12542047 0.58300349
v 0.23541936 0.12542047 0.57900000
v 0.23751881 0.12542047 0.57499651
v 0.24349754 0.12542047 0.57160252
v 0.25244535 0.12542047 0.56933472
v 0.26300000 0.12542047 0.56853838
v 0.27355465 0.12542047 0.56933472
v 0.28250246 0.12542047 0.57160252
v 0.28848119 0.12542047 0.57499651
v 0.29200000 0.13500000 0.57900000
v 0.28979251 0.13500000 0.58320952
v 0.28350610 0.13500000 0.58677817
v 0.27409782 0.13500000 0.58916267
v 0.26300000 0.13500000 0.59000000
v 0.25190218 0.13500000 0.58916267
v 0.24249390 0.13500000 0.58677817
v 0.23620749 0.13500000 0.58320952
v 0.23400000 0.13500000 0.57900000
v 0.23620749 0.13500000 0.57479048
v 0.24249390 0.13500000 0.57122183
v 0.25190218 0.13500000 0.56883733
v 0.26300000 0.13500000 0.56800000
v 0.27409782 0.13500000 0.56883733
v 0.28350610 0.13500000 0.57122183
v 0.28979251 0.13500000 0.57479048
v 0.29058064 0.14457953 0.57900000
v 0.28848119 0.14457953 0.58300349
v 0.28250246 0.14457953 0.58639748
v 0.27355465 0.14457953 0.58866528
v 0.26300000 0.14457953 0.58946162
v 0.25244535 0.14457953 0.58866528
v 0.24349754 0.14457953 0.58639748
v 0.23751881 0.14457953 0.58300349
v 0.23541936 0.14457953 0.57900000
v 0.23751881 0.14457953 0.57499651
v 0.24349754 0.14457953 0.57160252
v 0.25244535 0.14457953 0.56933472
v 0.26300000 0.14457953 0.56853838
v 0.27355465 0.14457953 0.56933472
v 0.28250246 0.14457953 0.57160252
v 0.28848119 0.14457953 0.57499651
v 0.28646149 0.15322134 0.57900000
v 0.28467559 0.15322134 0.58240557
v 0.27958978 0.15322134 0.58529268
v 0.27197832 0.15322134 0.58722178
v 0.26300000 0.15322134 0.58789919
v 0.25402168 0.15322134 0.58722178
v 0.24641022 0.15322134 0.58529268
v 0.24132441 0.15322134 0.58240557
v 0.23953851 0.15322134 0.57900000
v 0.24132441 0.15322134 0.57559443
v 0.24641022 0.15322134 0.57270732
v 0.25402168 0.15322134 0.57077822
v 0.26300000 0.15322134 0.57010081
v 0.27197832 0.15322134 0.57077822
v 0.27958978 0.15322134 0.57270732
v 0.28467559 0.15322134 0.57559443
v 0.28004577 0.16007953 0.57900000
v 0.27874824 0.16007953 0.58147429
v 0.27505318 0.16007953 0.58357190
v 0.26952313 0.16007953 0.58497347
v 0.26300000 0.16007953 0.58546564
v 0.25647687 0.16007953 0.58497347
v 0.25094682 0.16007953 0.58357190
v 0.24725176 0.16007953 0.58147429
v 0.24595423 0.16007953 0.57900000
v 0.24725176 0.16007953 0.57652571
v 0.25094682 0.16007953 0.57442810
v 0.25647687 0.16007953 0.57302653
v 0.26300000 0.16007953 0.57253436
v 0.26952313 0.16007953 0.57302653
v 0.27505318 0.16007953 0.57442810
v 0.27874824 0.16007953 0.57652571
v 0.27196149 0.16448275 0.57900000
v 0.27127934 0.16448275 0.58030081
v 0.26933673 0.16448275 0.58140359
v 0.26642941 0.16448275 0.58214044
v 0.26300000 0.16448275 0.58239919
v 0.25957059 0.16448275 0.58214044
v 0.25666327 0.16448275 0.58140359
v 0.25472066 0.16448275 0.58030081
v 0.25403851 0.16448275 0.57900000
v 0.25472066 0.16448275 0.57769919
v 0.25666327 0.16448275 0.57659641
v 0.25957059 0.16448275 0.57585956
v 0.26300000 0.16448275 0.57560081
v 0.26642941 0.16448275 0.57585956
v 0.26933673 0.16448275 0.57659641
v 0.27127934 0.16448275 0.57769919
v 0.26300000 0.16600000 0.57900000
v 0.52000000 -0.26400000 0.42900000
v 0.55364648 -0.26181925 0.42900000
v 0.55199970 -0.26181925 0.43083953
v 0.54722057 -0.26181925 0.43249899
v 0.53977690 -0.26181925 0.43381595
v 0.53039733 -0.26181925 0.43466149
v 0.52000000 -0.26181925 0.43495284
v 0.50960267 -0.26181925 0.43466149
v 0.50022310 -0.26181925 0.43381595
v 0.49277943 -0.26181925 0.43249899
v 0.48800030 -0.26181925 0.43083953
v 0.48635352 -0.26181925 0.42900000
v 0.48800030 -0.26181925 0.42716047
v 0.49277943 -0.26181925 0.42550101
v 0.50022310 -0.26181925 0.42418405
v 0.50960267 -0.26181925 0.42333851
v 0.52000000 -0.26181925 0.42304716
v 0.53039733 -0.26181925 0.42333851
v 0.53977690 -0.26181925 0.42418405
v 0.54722057 -0.26181925 0.42550101
v 0.55199970 -0.26181925 0.42716047
v 0.58500000 -0.25542563 0.42900000
v 0.58181867 -0.25542563 0.43255370
v 0.57258610 -0.25542563 0.43575953
v 0.55820604 -0.25542563 0.43830370
v 0.54008610 -0.25542563 0.43993715
v 0.52000000 -0.25542563 0.44050000
v 0.49991390 -0.25542563 0.43993715
v 0.48179396 -0.25542563 0.43830370
v 0.46741390 -0.25542563 0.43575953
v 0.45818133 -0.25542563 0.43255370
v 0.45500000 -0.25542563 0.42900000
v 0.45818133 -0.25542563 0.42544630
v 0.46741390 -0.25542563 0.42224047
v 0.48179396 -0.25542563 0.41969630
v 0.49991390 -0.25542563 0.41806285
v 0.52000000 -0.25542563 0.41750000
v 0.54008610 -0.25542563 0.41806285
v 0.55820604 -0.25542563 0.41969630
v 0.57258610 -0.25542563 0.42224047
v 0.58181867 -0.25542563 0.42544630
v 0.61192388 -0.24525483 0.42900000
v 0.60742481 -0.24525483 0.43402568
v 0.59436798 -0.24525483 0.43855942
v 0.57403150 -0.24525483 0.44215741
v 0.54840604 -0.24525483 0.44446747
v 0.52000000 -0.24525483 0.44526346
v 0.49159396 -0.24525483 0.44446747
v 0.46596850 -0.24525483 0.44215741
v 0.44563202 -0.24525483 0.43855942
v 0.43257519 -0.24525483 0.43402568
v 0.42807612 -0.24525483 0.42900000
v 0.43257519 -0.24525483 0.42397432
v 0.44563202 -0.24525483 0.41944058
v 0.46596850 -0.24525483 0.41584259
v 0.49159396 -0.24525483 0.41353253
v 0.52000000 -0.24525483 0.41273654
v 0.54840604 -0.24525483 0.41353253
v 0.57403150 -0.24525483 0.41584259
v 0.59436798 -0.24525483 0.41944058
v 0.60742481 -0.24525483 0.42397432
v 0.63258330 -0.23200000 0.42900000
v 0.62707308 -0.23200000 0.43515518
v 0.61108180 -0.23200000 0.44070785
v 0.58617480 -0.23200000 0.44511447
v 0.55479015 -0.23200000 0.44794370
v 0.52000000 -0.23200000 0.44891858
v 0.48520985 -0.23200000 0.44794370
v 0.45382520 -0.23200000 0.44511447
v 0.42891820 -0.23200000 0.44070785
v 0.41292692 -0.23200000 0.43515518
v 0.40741670 -0.23200000 0.42900000
v 0.41292692 -0.23200000 0.42284482
v 0.42891820 -0.23200000 0.41729215
v 0.45382520 -0.23200000 0.41288553
v 0.48520985 -0.23200000 0.41005630
v 0.52000000 -0.23200000 0.40908142
v 0.55479015 -0.23200000 0.41005630
v 0.58617480 -0.23200000 0.41288553
v 0.61108180 -0.23200000 0.41729215
v 0.62707308 -0.23200000 0.42284482
v 0.64557036 -0.21656442 0.42900000
v 0.63942451 -0.21656442 0.43586521
v 0.62158855 -0.21656442 0.44205841
v 0.59380840 -0.21656442 0.44697336
v 0.55880337 -0.21656442 0.45012895
v 0.52000000 -0.21656442 0.45121629
v 0.48119663 -0.21656442 0.45012895
v 0.44619160 -0.21656442 0.44697336
v 0.41841145 -0.21656442 0.44205841
v 0.40057549 -0.21656442 0.43586521
v 0.39442964 -0.21656442 0.42900000
v 0.40057549 -0.21656442 0.42213479
v 0.41841145 -0.21656442 0.41594159
v 0.44619160 -0.21656442 0.41102664
v 0.48119663 -0.21656442 0.40787105
v 0.52000000 -0.21656442 0.40678371
v 0.55880337 -0.21656442 0.40787105
v 0.59380840 -0.21656442 0.41102664
v 0.62158855 -0.21656442 0.41594159
v 0.63942451 -0.21656442 0.42213479
v 0.65000000 -0.20000000 0.42900000
v 0.64363735 -0.20000000 0.43610739
v 0.62517221 -0.20000000 0.44251906
v 0.59641208 -0.20000000 0.44760739
v 0.56017221 -0.20000000 0.45087430
v 0.52000000 -0.20000000 0.45200000
v 0.47982779 -0.20000000 0.45087430
v 0.44358792 -0.20000000 0.44760739
v 0.41482779 -0.20000000 0.44251906
v 0.39636265 -0.20000000 0.43610739
v 0.39000000 -0.20000000 0.42900000
v 0.39636265 -0.20000000 0.42189261
v 0.41482779 -0.20000000 0.41548094
v 0.44358792 -0.20000000 0.41039261
v 0.47982779 -0.20000000 0.40712570
v 0.52000000 -0.20000000 0.40600000
v 0.56017221 -0.20000000 0.40712570
v 0.59641208 -0.20000000 0.41039261
v 0.62517221 -0.20000000 0.41548094
v 0.64363735 -0.20000000 0.42189261
v 0.64557036 -0.18343558 0.42900000
v 0.63942451 -0.18343558 0.43586521
v 0.62158855 -0.18343558 0.44205841
v 0.59380840 -0.18343558 0.44697336
v 0.55880337 -0.18343558 0.45012895
v 0.52000000 -0.18343558 0.45121629
v 0.48119663 -0.18343558 0.45012895
v 0.44619160 -0.18343558 0.44697336
v 0.41841145 -0.18343558 0.44205841
v 0.40057549 -0.18343558 0.43586521
v 0.39442964 -0.18343558 0.42900000
v 0.40057549 -0.18343558 0.42213479
v 0.41841145 -0.18343558 0.41594159
v 0.44619160 -0.18343558 0.41102664
v 0.48119663 -0.18343558 0.40787105
v 0.52000000 -0.18343558 0.40678371
v 0.55880337 -0.18343558 0.40787105
v 0.59380840 -0.18343558 0.41102664
v 0.62158855 -0.18343558 0.41594159
v 0.63942451 -0.18343558 0.42213479
v 0.63258330 -0.16800000 0.42900000
v 0.62707308 -0.16800000 0.43515518
v 0.61108180 -0.16800000 0.44070785
v 0.58617480 -0.16800000 0.44511447
v 0.55479015 -0.16800000 0.44794370
v 0.52000000 -0.16800000 0.44891858
v 0.48520985 -0.16800000 0.44794370
v 0.45382520 -0.16800000 0.44511447
v 0.42891820 -0.16800000 0.44070785
v 0.41292692 -0.16800000 0.43515518
v 0.40741670 -0.16800000 0.42900000
v 0.41292692 -0.16800000 0.42284482
v 0.42891820 -0.16800000 0.41729215
v 0.45382520 -0.16800000 0.41288553
v 0.48520985 -0.16800000 0.41005630
v 0.52000000 -0.16800000 0.40908142
v 0.55479015 -0.16800000 0.41005630
v 0.58617480 -0.16800000 0.41288553
v 0.61108180 -0.16800000 0.41729215
v 0.62707308 -0.16800000 0.42284482
v 0.61192388 -0.15474517 0.42900000
v 0.60742481 -0.15474517 0.43402568
v 0.59436798 -0.15474517 0.43855942
v 0.57403150 -0.15474517 0.44215741
v 0.54840604 -0.15474517 0.44446747
v 0.52000000 -0.15474517 0.44526346
v 0.49159396 -0.15474517 0.44446747
v 0.46596850 -0.15474517 0.44215741
v 0.44563202 -0.15474517 0.43855942
v 0.43257519 -0.15474517 0.43402568
v 0.42807612 -0.15474517 0.42900000
v 0.43257519 -0.15474517 0.42397432
v 0.44563202 -0.15474517 0.41944058
v 0.46596850 -0.15474517 0.41584259
v 0.49159396 -0.15474517 0.41353253
v 0.52000000 -0.15474517 0.41273654
v 0.54840604 -0.15474517 0.41353253
v 0.57403150 -0.15474517 0.41584259
v 0.59436798 -0.15474517 0.41944058
v 0.60742481 -0.15474517 0.42397432
v 0.58500000 -0.14457437 0.42900000
v 0.58181867 -0.14457437 0.43255370
v 0.57258610 -0.14457437 0.43575953
v 0.55820604 -0.14457437 0.43830370
v 0.54008610 -0.14457437 0.43993715
v 0.52000000 -0.14457437 0.44050000
v 0.49991390 -0.14457437 0.43993715
v 0.48179396 -0.14457437 0.43830370
v 0.46741390 -0.14457437 0.43575953
v 0.45818133 -0.14457437 0.43255370
v 0.45500000 -0.14457437 0.42900000
v 0.45818133 -0.14457437 0.42544630
v 0.46741390 -0.14457437 0.42224047
v 0.48179396 -0.14457437 0.41969630
v 0.49991390 -0.14457437 0.41806285
v 0.52000000 -0.14457437 0.41750000
v 0.54008610 -0.14457437 0.41806285
v 0.55820604 -0.14457437 0.41969630
v 0.57258610 -0.14457437 0.42224047
v 0.58181867 -0.14457437 0.42544630
v 0.55364648 -0.13818075 0.42900000
v 0.55199970 -0.13818075 0.43083953
v 0.54722057 -0.13818075 0.43249899
v 0.53977690 -0.13818075 0.43381595
v 0.53039733 -0.13818075 0.43466149
v 0.52000000 -0.13818075 0.43495284
v 0.50960267 -0.13818075 0.43466149
v 0.50022310 -0.13818075 0.43381595
v 0.49277943 -0.13818075 0.43249899
v 0.48800030 -0.13818075 0.43083953
v 0.48635352 -0.13818075 0.42900000
v 0.48800030 -0.13818075 0.42716047
v 0.49277943 -0.13818075 0.42550101
v 0.50022310 -0.13818075 0.42418405
v 0.50960267 -0.13818075 0.42333851
v 0.52000000 -0.13818075 0.42304716
v 0.53039733 -0.13818075 0.42333851
v 0.53977690 -0.13818075 0.42418405
v 0.54722057 -0.13818075 0.42550101
v 0.55199970 -0.13818075 0.42716047
v 0.52000000 -0.13600000 0.42900000
v -0.17830834 -0.25265880 0.51000000
v -0.18173275 -0.25627346 0.52202082
v -0.19000000 -0.26500000 0.52700000
v -0.19826725 -0.27372654 0.52202082
v -0.20169166 -0.27734120 0.51000000
v -0.19826725 -0.27372654 0.49797918
v -0.19000000 -0.26500000 0.49300000
v -0.18173275 -0.25627346 0.49797918
v -0.15997023 -0.26916385 0.51000000
v -0.16320077 -0.27295276 0.52202082
v -0.17100000 -0.28210000 0.52700000
v -0.17879923 -0.29124724 0.52202082
v -0.18202977 -0.29503615 0.51000000
v -0.17879923 -0.29124724 0.49797918
v -0.17100000 -0.28210000 0.49300000
v -0.16320077 -0.27295276 0.49797918
v -0.14173167 -0.28385151 0.51000000
v -0.14473920 -0.28781977 0.52202082
v -0.15200000 -0.29740000 0.52700000
v -0.15926080 -0.30698023 0.52202082
v -0.16226833 -0.31094849 0.51000000
v -0.15926080 -0.30698023 0.49797918
v -0.15200000 -0.29740000 0.49300000
v -0.14473920 -0.28781977 0.49797918
v -0.12360454 -0.29673224 0.51000000
v -0.12635641 -0.30088188 0.52202082
v -0.13300000 -0.31090000 0.52700000
v -0.13964359 -0.32091812 0.52202082
v -0.14239546 -0.32506776 0.51000000
v -0.13964359 -0.32091812 0.49797918
v -0.13300000 -0.31090000 0.49300000
v -0.12635641 -0.30088188 0.49797918
v -0.10559917 -0.30782076 0.51000000
v -0.10805971 -0.31214950 0.52202082
v -0.11400000 -0.32260000 0.52700000
v -0.11994029 -0.33305050 0.52202082
v -0.12240083 -0.33737924 0.51000000
v -0.11994029 -0.33305050 0.49797918
v -0.11400000 -0.32260000 0.49300000
v -0.10805971 -0.31214950 0.49797918
v -0.08772253 -0.31713646 0.51000000
v -0.08985405 -0.32163633 0.52202082
v -0.09500000 -0.33250000 0.52700000
v -0.10014595 -0.34336367 0.52202082
v -0.10227747 -0.34786354 0.51000000
v -0.10014595 -0.34336367 0.49797918
v -0.09500000 -0.33250000 0.49300000
v -0.08985405 -0.32163633 0.49797918
v -0.06997592 -0.32470313 0.51000000
v -0.07174033 -0.32935922 0.52202082
v -0.07600000 -0.34060000 0.52700000
v -0.08025967 -0.35184078 0.52202082
v -0.08202408 -0.35649687 0.51000000
v -0.08025967 -0.35184078 0.49797918
v -0.07600000 -0.34060000 0.49300000
v -0.07174033 -0.32935922 0.49797918
v -0.05235248 -0.33054761 0.51000000
v -0.05371371 -0.33533712 0.52202082
v -0.05700000 -0.34690000 0.52700000
v -0.06028629 -0.35846288 0.52202082
v -0.06164752 -0.36325239 0.51000000
v -0.06028629 -0.35846288 0.49797918
v -0.05700000 -0.34690000 0.49300000
v -0.05371371 -0.33533712 0.49797918
v -0.03483525 -0.33469717 0.51000000
v -0.03576219 -0.33958932 0.52202082
v -0.03800000 -0.35140000 0.52700000
v -0.04023781 -0.36321068 0.52202082
v -0.04116475 -0.36810283 0.51000000
v -0.04023781 -0.36321068 0.49797918
v -0.03800000 -0.35140000 0.49300000
v -0.03576219 -0.33958932 0.49797918
v -0.01739665 -0.33717578 0.51000000
v -0.01786626 -0.34213277 0.52202082
v -0.01900000 -0.35410000 0.52700000
v -0.02013374 -0.36606723 0.52202082
v -0.02060335 -0.37102422 0.51000000
v -0.02013374 -0.36606723 0.49797918
v -0.01900000 -0.35410000 0.49300000
v -0.01786626 -0.34213277 0.49797918
v 0.00000000 -0.33800000 0.51000000
v 0.00000000 -0.34297918 0.52202082
v 0.00000000 -0.35500000 0.52700000
v 0.00000000 -0.36702082 0.52202082
v 0.00000000 -0.37200000 0.51000000
v 0.00000000 -0.36702082 0.49797918
v 0.00000000 -0.35500000 0.49300000
v 0.00000000 -0.34297918 0.49797918
v 0.01739665 -0.33717578 0.51000000
v 0.01786626 -0.34213277 0.52202082
v 0.01900000 -0.35410000 0.52700000
v 0.02013374 -0.36606723 0.52202082
v 0.02060335 -0.37102422 0.51000000
v 0.02013374 -0.36606723 0.49797918
v 0.01900000 -0.35410000 0.49300000
v 0.01786626 -0.34213277 0.49797918
v 0.03483525 -0.33469717 0.51000000
v 0.03576219 -0.33958932 0.52202082
v 0.03800000 -0.35140000 0.52700000
v 0.04023781 -0.36321068 0.52202082
v 0.04116475 -0.36810283 0.51000000
v 0.04023781 -0.36321068 0.49797918
v 0.03800000 -0.35140000 0.49300000
v 0.03576219 -0.33958932 0.49797918
v 0.05235248 -0.33054761 0.51000000
v 0.05371371 -0.33533712 0.52202082
v 0.05700000 -0.34690000 0.52700000
v 0.06028629 -0.35846288 0.52202082
v 0.06164752 -0.36325239 0.51000000
v 0.06028629 -0.35846288 0.49797918
v 0.05700000 -0.34690000 0.49300000
v 0.05371371 -0.33533712 0.49797918
v 0.06997592 -0.32470313 0.51000000
v 0.07174033 -0.32935922 0.52202082
v 0.07600000 -0.34060000 0.52700000
v 0.08025967 -0.35184078 0.52202082
v 0.08202408 -0.35649687 0.51000000
v 0.08025967 -0.35184078 0.49797918
v 0.07600000 -0.34060000 0.49300000
v 0.07174033 -0.32935922 0.49797918
v 0.08772253 -0.31713646 0.51000000
v 0.08985405 -0.32163633 0.52202082
v 0.09500000 -0.33250000 0.52700000
v 0.10014595 -0.34336367 0.52202082
v 0.10227747 -0.34786354 0.51000000
v 0.10014595 -0.34336367 0.49797918
v 0.09500000 -0.33250000 0.49300000
v 0.08985405 -0.32163633 0.49797918
v 0.10559917 -0.30782076 0.51000000
v 0.10805971 -0.31214950 0.52202082
v 0.11400000 -0.32260000 0.52700000
v 0.11994029 -0.33305050 0.52202082
v 0.12240083 -0.33737924 0.51000000
v 0.11994029 -0.33305050 0.49797918
v 0.11400000 -0.32260000 0.49300000
v 0.10805971 -0.31214950 0.49797918
v 0.12360454 -0.29673224 0.51000000
v 0.12635641 -0.30088188 0.52202082
v 0.13300000 -0.31090000 0.52700000
v 0.13964359 -0.32091812 0.52202082
v 0.14239546 -0.32506776 0.51000000
v 0.13964359 -0.32091812 0.49797918
v 0.13300000 -0.31090000 0.49300000
v 0.12635641 -0.30088188 0.49797918
v 0.14173167 -0.28385151 0.51000000
v 0.14473920 -0.28781977 0.52202082
v 0.15200000 -0.29740000 0.52700000
v 0.15926080 -0.30698023 0.52202082
v 0.16226833 -0.31094849 0.51000000
v 0.15926080 -0.30698023 0.49797918
v 0.15200000 -0.29740000 0.49300000
v 0.14473920 -0.28781977 0.49797918
v 0.15997023 -0.26916385 0.51000000
v 0.16320077 -0.27295276 0.52202082
v 0.17100000 -0.28210000 0.52700000
v 0.17879923 -0.29124724 0.52202082
v 0.18202977 -0.29503615 0.51000000
v 0.17879923 -0.29124724 0.49797918
v 0.17100000 -0.28210000 0.49300000
v 0.16320077 -0.27295276 0.49797918
v 0.17830834 -0.25265880 0.51000000
v 0.18173275 -0.25627346 0.52202082
v 0.19000000 -0.26500000 0.52700000
v 0.19826725 -0.27372654 0.52202082
v 0.20169166 -0.27734120 0.51000000
v 0.19826725 -0.27372654 0.49797918
v 0.19000000 -0.26500000 0.49300000
v 0.18173275 -0.25627346 0.49797918
usemtl mint
f 1 3 2
f 2 3 34
f 3 35 34
f 34 35 66
f 35 67 66
f 66 67 98
f 67 99 98
f 98 99 130
f 99 131 130
f 130 131 162
f 131 163 162
f 162 163 194
f 163 195 194
f 194 195 226
f 195 227 226
f 226 227 258
f 227 259 258
f 258 259 290
f 259 291 290
f 290 291 322
f 291 323 322
f 322 323 354
f 323 355 354
f 354 355 386
f 355 387 386
f 386 387 418
f 387 419 418
f 418 419 450
f 419 451 450
f 450 451 482
f 451 483 482
f 482 483 514
f 483 515 514
f 514 515 546
f 1 4 3
f 3 4 35
f 4 36 35
f 35 36 67
f 36 68 67
f 67 68 99
f 68 100 99
f 99 100 131
f 100 132 131
f 131 132 163
f 132 164 163
f 163 164 195
f 164 196 195
f 195 196 227
f 196 228 227
f 227 228 259
f 228 260 259
f 259 260 291
f 260 292 291
f 291 292 323
f 292 324 323
f 323 324 355
f 324 356 355
f 355 356 387
f 356 388 387
f 387 388 419
f 388 420 419
f 419 420 451
f 420 452 451
f 451 452 483
f 452 484 483
f 483 484 515
f 484 516 515
f 515 516 546
f 1 5 4
f 4 5 36
f 5 37 36
f 36 37 68
f 37 69 68
f 68 69 100
f 69 101 100
f 100 101 132
f 101 133 132
f 132 133 164
f 133 165 164
f 164 165 196
f 165 197 196
f 196 197 228
f 197 229 228
f 228 229 260
f 229 261 260
f 260 261 292
f 261 293 292
f 292 293 324
f 293 325 324
f 324 325 356
f 325 357 356
f 356 357 388
f 357 389 388
f 388 389 420
f 389 421 420
f 420 421 452
f 421 453 452
f 452 453 484
f 453 485 484
f 484 485 516
f 485 517 516
f 516 517 546
f 1 6 5
f 5 6 37
f 6 38 37
f 37 38 69
f 38 70 69
f 69 70 101
f 70 102 101
f 101 102 133
f 102 134 133
f 133 134 165
f 134 166 165
f 165 166 197
f 166 198 197
f 197 198 229
f 198 230 229
f 229 230 261
f 230 262 261
f 261 262 293
f 262 294 293
f 293 294 325
f 294 326 325
f 325 326 357
f 326 358 357
f 357 358 389
f 358 390 389
f 389 390 421
f 390 422 421
f 421 422 453
f 422 454 453
f 453 454 485
f 454 486 485
f 485 486 517
f 486 518 517
f 517 518 546
f 1 7 6
f 6 7 38
f 7 39 38
f 38 39 70
f 39 71 70
f 70 71 102
f 71 103 102
f 102 103 134
f 103 135 134
f 134 135 166
f 135 167 166
f 166 167 198
f 167 199 198
f 198 199 230
f 199 231 230
f 230 231 262
f 231 263 262
f 262 263 294
f 263 295 294
f 294 295 326
f 295 327 326
f 326 327 358
f 327 359 358
f 358 359 390
f 359 391 390
f 390 391 422
f 391 423 422
f 422 423 454
f 423 455 454
f 454 455 486
f 455 487 486
f 486 487 518
f 487 519 518
f 518 519 546
f 1 8 7
f 7 8 39
f 8 40 39
f 39 40 71
f 40 72 71
f 71 72 103
f 72 104 103
f 103 104 135
f 104 136 135
f 135 136 167
f 136 168 167
f 167 168 199
f 168 200 199
f 199 200 231
f 200 232 231
f 231 232 263
f 232 264 263
f 263 264 295
f 264 296 295
f 295 296 327
f 296 328 327
f 327 328 359
f 328 360 359
f 359 360 391
f 360 392 391
f 391 392 423
f 392 424 423
f 423 424 455
f 424 456 455
f 455 456 487
f 456 488 487
f 487 488 519
f 488 520 519
f 519 520 546
f 1 9 8
f 8 9 40
f 9 41 40
f 40 41 72
f 41 73 72
f 72 73 104
f 73 105 104
f 104 105 136
f 105 137 136
f 136 137 168
f 137 169 168
f 168 169 200
f 169 201 200
f 200 201 232
f 201 233 232
f 232 233 264
f 233 265 264
f 264 265 296
f 265 297 296
f 296 297 328
f 297 329 328
f 328 329 360
f 329 361 360
f 360 361 392
f 361 393 392
f 392 393 424
f 393 425 424
f 424 425 456
f 425 457 456
f 456 457 488
f 457 489 488
f 488 489 520
f 489 521 520
f 520 521 546
f 1 10 9
f 9 10 41
f 10 42 41
f 41 42 73
f 42 74 73
f 73 74 105
f 74 106 105
f 105 106 137
f 106 138 137
f 137 138 169
f 138 170 169
f 169 170 201
f 170 202 201
f 201 202 233
f 202 234 233
f 233 234 265
f 234 266 265
f 265 266 297
f 266 298 297
f 297 298 329
f 298 330 329
f 329 330 361
f 330 362 361
f 361 362 393
f 362 394 393
f 393 394 425
f 394 426 425
f 425 426 457
f 426 458 457
f 457 458 489
f 458 490 489
f 489 490 521
f 490 522 521
f 521 522 546
f 1 11 10
f 10 11 42
f 11 43 42
f 42 43 74
f 43 75 74
f 74 75 106
f 75 107 106
f 106 107 138
f 107 139 138
f 138 139 170
f 139 171 170
f 170 171 202
f 171 203 202
f 202 203 234
f 203 235 234
f 234 235 266
f 235 267 266
f 266 267 298
f 267 299 298
f 298 299 330
f 299 331 330
f 330 331 362
f 331 363 362
f 362 363 394
f 363 395 394
f 394 395 426
f 395 427 426
f 426 427 458
f 427 459 458
f 458 459 490
f 459 491 490
f 490 491 522
f 491 523 522
f 522 523 546
f 1 12 11
f 11 12 43
f 12 44 43
f 43 44 75
f 44 76 75
f 75 76 107
f 76 108 107
f 107 108 139
f 108 140 139
f 139 140 171
f 140 172 171
f 171 172 203
f 172 204 203
f 203 204 235
f 204 236 235
f 235 236 267
f 236 268 267
f 267 268 299
f 268 300 299
f 299 300 331
f 300 332 331
f 331 332 363
f 332 364 363
f 363 364 395
f 364 396 395
f 395 396 427
f 396 428 427
f 427 428 459
f 428 460 459
f 459 460 491
f 460 492 491
f 491 492 523
f 492 524 523
f 523 524 546
f 1 13 12
f 12 13 44
f 13 45 44
f 44 45 76
f 45 77 76
f 76 77 108
f 77 109 108
f 108 109 140
f 109 141 140
f 140 141 172
f 141 173 172
f 172 173 204
f 173 205 204
f 204 205 236
f 205 237 236
f 236 237 268
f 237 269 268
f 268 269 300
f 269 301 300
f 300 301 332
f 301 333 332
f 332 333 364
f 333 365 364
f 364 365 396
f 365 397 396
f 396 397 428
f 397 429 428
f 428 429 460
f 429 461 460
f 460 461 492
f 461 493 492
f 492 493 524
f 493 525 524
f 524 525 546
f 1 14 13
f 13 14 45
f 14 46 45
f 45 46 77
f 46 78 77
f 77 78 109
f 78 110 109
f 109 110 141
f 110 142 141
f 141 142 173
f 142 174 173
f 173 174 205
f 174 206 205
f 205 206 237
f 206 238 237
f 237 238 269
f 238 270 269
f 269 270 301
f 270 302 301
f 301 302 333
f 302 334 333
f 333 334 365
f 334 366 365
f 365 366 397
f 366 398 397
f 397 398 429
f 398 430 429
f 429 430 461
f 430 462 461
f 461 462 493
f 462 494 493
f 493 494 525
f 494 526 525
f 525 526 546
f 1 15 14
f 14 15 46
f 15 47 46
f 46 47 78
f 47 79 78
f 78 79 110
f 79 111 110
f 110 111 142
f 111 143 142
f 142 143 174
f 143 175 174
f 174 175 206
f 175 207 206
f 206 207 238
f 207 239 238
f 238 239 270
f 239 271 270
f 270 271 302
f 271 303 302
f 302 303 334
f 303 335 334
f 334 335 366
f 335 367 366
f 366 367 398
f 367 399 398
f 398 399 430
f 399 431 430
f 430 431 462
f 431 463 462
f 462 463 494
f 463 495 494
f 494 495 526
f 495 527 526
f 526 527 546
f 1 16 15
f 15 16 47
f 16 48 47
f 47 48 79
f 48 80 79
f 79 80 111
f 80 112 111
f 111 112 143
f 112 144 143
f 143 144 175
f 144 176 175
f 175 176 207
f 176 208 207
f 207 208 239
f 208 240 239
f 239 240 271
f 240 272 271
f 271 272 303
f 272 304 303
f 303 304 335
f 304 336 335
f 335 336 367
f 336 368 367
f 367 368 399
f 368 400 399
f 399 400 431
f 400 432 431
f 431 432 463
f 432 464 463
f 463 464 495
f 464 496 495
f 495 496 527
f 496 528 527
f 527 528 546
f 1 17 16
f 16 17 48
f 17 49 48
f 48 49 80
f 49 81 80
f 80 81 112
f 81 113 112
f 112 113 144
f 113 145 144
f 144 145 176
f 145 177 176
f 176 177 208
f 177 209 208
f 208 209 240
f 209 241 240
f 240 241 272
f 241 273 272
f 272 273 304
f 273 305 304
f 304 305 336
f 305 337 336
f 336 337 368
f 337 369 368
f 368 369 400
f 369 401 400
f 400 401 432
f 401 433 432
f 432 433 464
f 433 465 464
f 464 465 496
f 465 497 496
f 496 497 528
f 497 529 528
f 528 529 546
f 1 18 17
f 17 18 49
f 18 50 49
f 49 50 81
f 50 82 81
f 81 82 113
f 82 114 113
f 113 114 145
f 114 146 145
f 145 146 177
f 146 178 177
f 177 178 209
f 178 210 209
f 209 210 241
f 210 242 241
f 241 242 273
f 242 274 273
f 273 274 305
f 274 306 305
f 305 306 337
f 306 338 337
f 337 338 369
f 338 370 369
f 369 370 401
f 370 402 401
f 401 402 433
f 402 434 433
f 433 434 465
f 434 466 465
f 465 466 497
f 466 498 497
f 497 498 529
f 498 530 529
f 529 530 546
f 1 19 18
f 18 19 50
f 19 51 50
f 50 51 82
f 51 83 82
f 82 83 114
f 83 115 114
f 114 115 146
f 115 147 146
f 146 147 178
f 147 179 178
f 178 179 210
f 179 211 210
f 210 211 242
f 211 243 242
f 242 243 274
f 243 275 274
f 274 275 306
f 275 307 306
f 306 307 338
f 307 339 338
f 338 339 370
f 339 371 370
f 370 371 402
f 371 403 402
f 402 403 434
f 403 435 434
f 434 435 466
f 435 467 466
f 466 467 498
f 467 499 498
f 498 499 530
f 499 531 530
f 530 531 546
f 1 20 19
f 19 20 51
f 20 52 51
f 51 52 83
f 52 84 83
f 83 84 115
f 84 116 115
f 115 116 147
f 116 148 147
f 147 148 179
f 148 180 179
f 179 180 211
f 180 212 211
f 211 212 243
f 212 244 243
f 243 244 275
f 244 276 275
f 275 276 307
f 276 308 307
f 307 308 339
f 308 340 339
f 339 340 371
f 340 372 371
f 371 372 403
f 372 404 403
f 403 404 435
f 404 436 435
f 435 436 467
f 436 468 467
f 467 468 499
f 468 500 499
f 499 500 531
f 500 532 531
f 531 532 546
f 1 21 20
f 20 21 52
f 21 53 52
f 52 53 84
f 53 85 84
f 84 85 116
f 85 117 116
f 116 117 148
f 117 149 148
f 148 149 180
f 149 181 180
f 180 181 212
f 181 213 212
f 212 213 244
f 213 245 244
f 244 245 276
f 245 277 276
f 276 277 308
f 277 309 308
f 308 309 340
f 309 341 340
f 340 341 372
f 341 373 372
f 372 373 404
f 373 405 404
f 404 405 436
f 405 437 436
f 436 437 468
f 437 469 468
f 468 469 500
f 469 501 500
f 500 501 532
f 501 533 532
f 532 533 546
f 1 22 21
f 21 22 53
f 22 54 53
f 53 54 85
f 54 86 85
f 85 86 117
f 86 118 117
f 117 118 149
f 118 150 149
f 149 150 181
f 150 182 181
f 181 182 213
f 182 214 213
f 213 214 245
f 214 246 245
f 245 246 277
f 246 278 277
f 277 278 309
f 278 310 309
f 309 310 341
f 310 342 341
f 341 342 373
f 342 374 373
f 373 374 405
f 374 406 405
f 405 406 437
f 406 438 437
f 437 438 469
f 438 470 469
f 469 470 501
f 470 502 501
f 501 502 533
f 502 534 533
f 533 534 546
f 1 23 22
f 22 23 54
f 23 55 54
f 54 55 86
f 55 87 86
f 86 87 118
f 87 119 118
f 118 119 150
f 119 151 150
f 150 151 182
f 151 183 182
f 182 183 214
f 183 215 214
f 214 215 246
f 215 247 246
f 246 247 278
f 247 279 278
f 278 279 310
f 279 311 310
f 310 311 342
f 311 343 342
f 342 343 374
f 343 375 374
f 374 375 406
f 375 407 406
f 406 407 438
f 407 439 438
f 438 439 470
f 439 471 470
f 470 471 502
f 471 503 502
f 502 503 534
f 503 535 534
f 534 535 546
f 1 24 23
f 23 24 55
f 24 56 55
f 55 56 87
f 56 88 87
f 87 88 119
f 88 120 119
f 119 120 151
f 120 152 151
f 151 152 183
f 152 184 183
f 183 184 215
f 184 216 215
f 215 216 247
f 216 248 247
f 247 248 279
f 248 280 279
f 279 280 311
f 280 312 311
f 311 312 343
f 312 344 343
f 343 344 375
f 344 376 375
f 375 376 407
f 376 408 407
f 407 408 439
f 408 440 439
f 439 440 471
f 440 472 471
f 471 472 503
f 472 504 503
f 503 504 535
f 504 536 535
f 535 536 546
f 1 25 24
f 24 25 56
f 25 57 56
f 56 57 88
f 57 89 88
f 88 89 120
f 89 121 120
f 120 121 152
f 121 153 152
f 152 153 184
f 153 185 184
f 184 185 216
f 185 217 216
f 216 217 248
f 217 249 248
f 248 249 280
f 249 281 280
f 280 281 312
f 281 313 312
f 312 313 344
f 313 345 344
f 344 345 376
f 345 377 376
f 376 377 408
f 377 409 408
f 408 409 440
f 409 441 440
f 440 441 472
f 441 473 472
f 472 473 504
f 473 505 504
f 504 505 536
f 505 537 536
f 536 537 546
f 1 26 25
f 25 26 57
f 26 58 57
f 57 58 89
f 58 90 89
f 89 90 121
f 90 122 121
f 121 122 153
f 122 154 153
f 153 154 185
f 154 186 185
f 185 186 217
f 186 218 217
f 217 218 249
f 218 250 249
f 249 250 281
f 250 282 281
f 281 282 313
f 282 314 313
f 313 314 345
f 314 346 345
f 345 346 377
f 346 378 377
f 377 378 409
f 378 410 409
f 409 410 441
f 410 442 441
f 441 442 473
f 442 474 473
f 473 474 505
f 474 506 505
f 505 506 537
f 506 538 537
f 537 538 546
f 1 27 26
f 26 27 58
f 27 59 58
f 58 59 90
f 59 91 90
f 90 91 122
f 91 123 122
f 122 123 154
f 123 155 154
f 154 155 186
f 155 187 186
f 186 187 218
f 187 219 218
f 218 219 250
f 219 251 250
f 250 251 282
f 251 283 282
f 282 283 314
f 283 315 314
f 314 315 346
f 315 347 346
f 346 347 378
f 347 379 378
f 378 379 410
f 379 411 410
f 410 411 442
f 411 443 442
f 442 443 474
f 443 475 474
f 474 475 506
f 475 507 506
f 506 507 538
f 507 539 538
f 538 539 546
f 1 28 27
f 27 28 59
f 28 60 59
f 59 60 91
f 60 92 91
f 91 92 123
f 92 124 123
f 123 124 155
f 124 156 155
f 155 156 187
f 156 188 187
f 187 188 219
f 188 220 219
f 219 220 251
f 220 252 251
f 251 252 283
f 252 284 283
f 283 284 315
f 284 316 315
f 315 316 347
f 316 348 347
f 347 348 379
f 348 380 379
f 379 380 411
f 380 412 411
f 411 412 443
f 412 444 443
f 443 444 475
f 444 476 475
f 475 476 507
f 476 508 507
f 507 508 539
f 508 540 539
f 539 540 546
f 1 29 28
f 28 29 60
f 29 61 60
f 60 61 92
f 61 93 92
f 92 93 124
f 93 125 124
f 124 125 156
f 125 157 156
f 156 157 188
f 157 189 188
f 188 189 220
f 189 221 220
f 220 221 252
f 221 253 252
f 252 253 284
f 253 285 284
f 284 285 316
f 285 317 316
f 316 317 348
f 317 349 348
f 348 349 380
f 349 381 380
f 380 381 412
f 381 413 412
f 412 413 444
f 413 445 444
f 444 445 476
f 445 477 476
f 476 477 508
f 477 509 508
f 508 509 540
f 509 541 540
f 540 541 546
f 1 30 29
f 29 30 61
f 30 62 61
f 61 62 93
f 62 94 93
f 93 94 125
f 94 126 125
f 125 126 157
f 126 158 157
f 157 158 189
f 158 190 189
f 189 190 221
f 190 222 221
f 221 222 253
f 222 254 253
f 253 254 285
f 254 286 285
f 285 286 317
f 286 318 317
f 317 318 349
f 318 350 349
f 349 350 381
f 350 382 381
f 381 382 413
f 382 414 413
f 413 414 445
f 414 446 445
f 445 446 477
f 446 478 477
f 477 478 509
f 478 510 509
f 509 510 541
f 510 542 541
f 541 542 546
f 1 31 30
f 30 31 62
f 31 63 62
f 62 63 94
f 63 95 94
f 94 95 126
f 95 127 126
f 126 127 158
f 127 159 158
f 158 159 190
f 159 191 190
f 190 191 222
f 191 223 222
f 222 223 254
f 223 255 254
f 254 255 286
f 255 287 286
f 286 287 318
f 287 319 318
f 318 319 350
f 319 351 350
f 350 351 382
f 351 383 382
f 382 383 414
f 383 415 414
f 414 415 446
f 415 447 446
f 446 447 478
f 447 479 478
f 478 479 510
f 479 511 510
f 510 511 542
f 511 543 542
f 542 543 546
f 1 32 31
f 31 32 63
f 32 64 63
f 63 64 95
f 64 96 95
f 95 96 127
f 96 128 127
f 127 128 159
f 128 160 159
f 159 160 191
f 160 192 191
f 191 192 223
f 192 224 223
f 223 224 255
f 224 256 255
f 255 256 287
f 256 288 287
f 287 288 319
f 288 320 319
f 319 320 351
f 320 352 351
f 351 352 383
f 352 384 383
f 383 384 415
f 384 416 415
f 415 416 447
f 416 448 447
f 447 448 479
f 448 480 479
f 479 480 511
f 480 512 511
f 511 512 543
f 512 544 543
f 543 544 546
f 1 33 32
f 32 33 64
f 33 65 64
f 64 65 96
f 65 97 96
f 96 97 128
f 97 129 128
f 128 129 160
f 129 161 160
f 160 161 192
f 161 193 192
f 192 193 224
f 193 225 224
f 224 225 256
f 225 257 256
f 256 257 288
f 257 289 288
f 288 289 320
f 289 321 320
f 320 321 352
f 321 353 352
f 352 353 384
f 353 385 384
f 384 385 416
f 385 417 416
f 416 417 448
f 417 449 448
f 448 449 480
f 449 481 480
f 480 481 512
f 481 513 512
f 512 513 544
f 513 545 544
f 544 545 546
f 1 2 33
f 33 2 65
f 2 34 65
f 65 34 97
f 34 66 97
f 97 66 129
f 66 98 129
f 129 98 161
f 98 130 161
f 161 130 193
f 130 162 193
f 193 162 225
f 162 194 225
f 225 194 257
f 194 226 257
f 257 226 289
f 226 258 289
f 289 258 321
f 258 290 321
f 321 290 353
f 290 322 353
f 353 322 385
f 322 354 385
f 385 354 417
f 354 386 417
f 417 386 449
f 386 418 449
f 449 418 481
f 418 450 481
f 481 450 513
f 450 482 513
f 513 482 545
f 482 514 545
f 545 514 546
f 547 549 548
f 548 549 580
f 549 581 580
f 580 581 612
f 581 613 612
f 612 613 644
f 613 645 644
f 644 645 676
f 645 677 676
f 676 677 708
f 677 709 708
f 708 709 740
f 709 741 740
f 740 741 772
f 741 773 772
f 772 773 804
f 773 805 804
f 804 805 836
f 805 837 836
f 836 837 868
f 837 869 868
f 868 869 900
f 869 901 900
f 900 901 932
f 901 933 932
f 932 933 964
f 933 965 964
f 964 965 996
f 965 997 996
f 996 997 1028
f 997 1029 1028
f 1028 1029 1060
f 1029 1061 1060
f 1060 1061 1092
f 547 550 549
f 549 550 581
f 550 582 581
f 581 582 613
f 582 614 613
f 613 614 645
f 614 646 645
f 645 646 677
f 646 678 677
f 677 678 709
f 678 710 709
f 709 710 741
f 710 742 741
f 741 742 773
f 742 774 773
f 773 774 805
f 774 806 805
f 805 806 837
f 806 838 837
f 837 838 869
f 838 870 869
f 869 870 901
f 870 902 901
f 901 902 933
f 902 934 933
f 933 934 965
f 934 966 965
f 965 966 997
f 966 998 997
f 997 998 1029
f 998 1030 1029
f 1029 1030 1061
f 1030 1062 1061
f 1061 1062 1092
f 547 551 550
f 550 551 582
f 551 583 582
f 582 583 614
f 583 615 614
f 614 615 646
f 615 647 646
f 646 647 678
f 647 679 678
f 678 679 710
f 679 711 710
f 710 711 742
f 711 743 742
f 742 743 774
f 743 775 774
f 774 775 806
f 775 807 806
f 806 807 838
f 807 839 838
f 838 839 870
f 839 871 870
f 870 871 902
f 871 903 902
f 902 903 934
f 903 935 934
f 934 935 966
f 935 967 966
f 966 967 998
f 967 999 998
f 998 999 1030
f 999 1031 1030
f 1030 1031 1062
f 1031 1063 1062
f 1062 1063 1092
f 547 552 551
f 551 552 583
f 552 584 583
f 583 584 615
f 584 616 615
f 615 616 647
f 616 648 647
f 647 648 679
f 648 680 679
f 679 680 711
f 680 712 711
f 711 712 743
f 712 744 743
f 743 744 775
f 744 776 775
f 775 776 807
f 776 808 807
f 807 808 839
f 808 840 839
f 839 840 871
f 840 872 871
f 871 872 903
f 872 904 903
f 903 904 935
f 904 936 935
f 935 936 967
f 936 968 967
f 967 968 999
f 968 1000 999
f 999 1000 1031
f 1000 1032 1031
f 1031 1032 1063
f 1032 1064 1063
f 1063 1064 1092
f 547 553 552
f 552 553 584
f 553 585 584
f 584 585 616
f 585 617 616
f 616 617 648
f 617 649 648
f 648 649 680
f 649 681 680
f 680 681 712
f 681 713 712
f 712 713 744
f 713 745 744
f 744 745 776
f 745 777 776
f 776 777 808
f 777 809 808
f 808 809 840
f 809 841 840
f 840 841 872
f 841 873 872
f 872 873 904
f 873 905 904
f 904 905 936
f 905 937 936
f 936 937 968
f 937 969 968
f 968 969 1000
f 969 1001 1000
f 1000 1001 1032
f 1001 1033 1032
f 1032 1033 1064
f 1033 1065 1064
f 1064 1065 1092
f 547 554 553
f 553 554 585
f 554 586 585
f 585 586 617
f 586 618 617
f 617 618 649
f 618 650 649
f 649 650 681
f 650 682 681
f 681 682 713
f 682 714 713
f 713 714 745
f 714 746 745
f 745 746 777
f 746 778 777
f 777 778 809
f 778 810 809
f 809 810 841
f 810 842 841
f 841 842 873
f 842 874 873
f 873 874 905
f 874 906 905
f 905 906 937
f 906 938 937
f 937 938 969
f 938 970 969
f 969 970 1001
f 970 1002 1001
f 1001 1002 1033
f 1002 1034 1033
f 1033 1034 1065
f 1034 1066 1065
f 1065 1066 1092
f 547 555 554
f 554 555 586
f 555 587 586
f 586 587 618
f 587 619 618
f 618 619 650
f 619 651 650
f 650 651 682
f 651 683 682
f 682 683 714
f 683 715 714
f 714 715 746
f 715 747 746
f 746 747 778
f 747 779 778
f 778 779 810
f 779 811 810
f 810 811 842
f 811 843 842
f 842 843 874
f 843 875 874
f 874 875 906
f 875 907 906
f 906 907 938
f 907 939 938
f 938 939 970
f 939 971 970
f 970 971 1002
f 971 1003 1002
f 1002 1003 1034
f 1003 1035 1034
f 1034 1035 1066
f 1035 1067 1066
f 1066 1067 1092
f 547 556 555
f 555 556 587
f 556 588 587
f 587 588 619
f 588 620 619
f 619 620 651
f 620 652 651
f 651 652 683
f 652 684 683
f 683 684 715
f 684 716 715
f 715 716 747
f 716 748 747
f 747 748 779
f 748 780 779
f 779 780 811
f 780 812 811
f 811 812 843
f 812 844 843
f 843 844 875
f 844 876 875
f 875 876 907
f 876 908 907
f 907 908 939
f 908 940 939
f 939 940 971
f 940 972 971
f 971 972 1003
f 972 1004 1003
f 1003 1004 1035
f 1004 1036 1035
f 1035 1036 1067
f 1036 1068 1067
f 1067 1068 1092
f 547 557 556
f 556 557 588
f 557 589 588
f 588 589 620
f 589 621 620
f 620 621 652
f 621 653 652
f 652 653 684
f 653 685 684
f 684 685 716
f 685 717 716
f 716 717 748
f 717 749 748
f 748 749 780
f 749 781 780
f 780 781 812
f 781 813 812
f 812 813 844
f 813 845 844
f 844 845 876
f 845 877 876
f 876 877 908
f 877 909 908
f 908 909 940
f 909 941 940
f 940 941 972
f 941 973 972
f 972 973 1004
f 973 1005 1004
f 1004 1005 1036
f 1005 1037 1036
f 1036 1037 1068
f 1037 1069 1068
f 1068 1069 1092
f 547 558 557
f 557 558 589
f 558 590 589
f 589 590 621
f 590 622 621
f 621 622 653
f 622 654 653
f 653 654 685
f 654 686 685
f 685 686 717
f 686 718 717
f 717 718 749
f 718 750 749
f 749 750 781
f 750 782 781
f 781 782 813
f 782 814 813
f 813 814 845
f 814 846 845
f 845 846 877
f 846 878 877
f 877 878 909
f 878 910 909
f 909 910 941
f 910 942 941
f 941 942 973
f 942 974 973
f 973 974 1005
f 974 1006 1005
f 1005 1006 1037
f 1006 1038 1037
f 1037 1038 1069
f 1038 1070 1069
f 1069 1070 1092
f 547 559 558
f 558 559 590
f 559 591 590
f 590 591 622
f 591 623 622
f 622 623 654
f 623 655 654
f 654 655 686
f 655 687 686
f 686 687 718
f 687 719 718
f 718 719 750
f 719 751 750
f 750 751 782
f 751 783 782
f 782 783 814
f 783 815 814
f 814 815 846
f 815 847 846
f 846 847 878
f 847 879 878
f 878 879 910
f 879 911 910
f 910 911 942
f 911 943 942
f 942 943 974
f 943 975 974
f 974 975 1006
f 975 1007 1006
f 1006 1007 1038
f 1007 1039 1038
f 1038 1039 1070
f 1039 1071 1070
f 1070 1071 1092
f 547 560 559
f 559 560 591
f 560 592 591
f 591 592 623
f 592 624 623
f 623 624 655
f 624 656 655
f 655 656 687
f 656 688 687
f 687 688 719
f 688 720 719
f 719 720 751
f 720 752 751
f 751 752 783
f 752 784 783
f 783 784 815
f 784 816 815
f 815 816 847
f 816 848 847
f 847 848 879
f 848 880 879
f 879 880 911
f 880 912 911
f 911 912 943
f 912 944 943
f 943 944 975
f 944 976 975
f 975 976 1007
f 976 1008 1007
f 1007 1008 1039
f 1008 1040 1039
f 1039 1040 1071
f 1040 1072 1071
f 1071 1072 1092
f 547 561 560
f 560 561 592
f 561 593 592
f 592 593 624
f 593 625 624
f 624 625 656
f 625 657 656
f 656 657 688
f 657 689 688
f 688 689 720
f 689 721 720
f 720 721 752
f 721 753 752
f 752 753 784
f 753 785 784
f 784 785 816
f 785 817 816
f 816 817 848
f 817 849 848
f 848 849 880
f 849 881 880
f 880 881 912
f 881 913 912
f 912 913 944
f 913 945 944
f 944 945 976
f 945 977 976
f 976 977 1008
f 977 1009 1008
f 1008 1009 1040
f 1009 1041 1040
f 1040 1041 1072
f 1041 1073 1072
f 1072 1073 1092
f 547 562 561
f 561 562 593
f 562 594 593
f 593 594 625
f 594 626 625
f 625 626 657
f 626 658 657
f 657 658 689
f 658 690 689
f 689 690 721
f 690 722 721
f 721 722 753
f 722 754 753
f 753 754 785
f 754 786 785
f 785 786 817
f 786 818 817
f 817 818 849
f 818 850 849
f 849 850 881
f 850 882 881
f 881 882 913
f 882 914 913
f 913 914 945
f 914 946 945
f 945 946 977
f 946 978 977
f 977 978 1009
f 978 1010 1009
f 1009 1010 1041
f 1010 1042 1041
f 1041 1042 1073
f 1042 1074 1073
f 1073 1074 1092
f 547 563 562
f 562 563 594
f 563 595 594
f 594 595 626
f 595 627 626
f 626 627 658
f 627 659 658
f 658 659 690
f 659 691 690
f 690 691 722
f 691 723 722
f 722 723 754
f 723 755 754
f 754 755 786
f 755 787 786
f 786 787 818
f 787 819 818
f 818 819 850
f 819 851 850
f 850 851 882
f 851 883 882
f 882 883 914
f 883 915 914
f 914 915 946
f 915 947 946
f 946 947 978
f 947 979 978
f 978 979 1010
f 979 1011 1010
f 1010 1011 1042
f 1011 1043 1042
f 1042 1043 1074
f 1043 1075 1074
f 1074 1075 1092
f 547 564 563
f 563 564 595
f 564 596 595
f 595 596 627
f 596 628 627
f 627 628 659
f 628 660 659
f 659 660 691
f 660 692 691
f 691 692 723
f 692 724 723
f 723 724 755
f 724 756 755
f 755 756 787
f 756 788 787
f 787 788 819
f 788 820 819
f 819 820 851
f 820 852 851
f 851 852 883
f 852 884 883
f 883 884 915
f 884 916 915
f 915 916 947
f 916 948 947
f 947 948 979
f 948 980 979
f 979 980 1011
f 980 1012 1011
f 1011 1012 1043
f 1012 1044 1043
f 1043 1044 1075
f 1044 1076 1075
f 1075 1076 1092
f 547 565 564
f 564 565 596
f 565 597 596
f 596 597 628
f 597 629 628
f 628 629 660
f 629 661 660
f 660 661 692
f 661 693 692
f 692 693 724
f 693 725 724
f 724 725 756
f 725 757 756
f 756 757 788
f 757 789 788
f 788 789 820
f 789 821 820
f 820 821 852
f 821 853 852
f 852 853 884
f 853 885 884
f 884 885 916
f 885 917 916
f 916 917 948
f 917 949 948
f 948 949 980
f 949 981 980
f 980 981 1012
f 981 1013 1012
f 1012 1013 1044
f 1013 1045 1044
f 1044 1045 1076
f 1045 1077 1076
f 1076 1077 1092
f 547 566 565
f 565 566 597
f 566 598 597
f 597 598 629
f 598 630 629
f 629 630 661
f 630 662 661
f 661 662 693
f 662 694 693
f 693 694 725
f 694 726 725
f 725 726 757
f 726 758 757
f 757 758 789
f 758 790 789
f 789 790 821
f 790 822 821
f 821 822 853
f 822 854 853
f 853 854 885
f 854 886 885
f 885 886 917
f 886 918 917
f 917 918 949
f 918 950 949
f 949 950 981
f 950 982 981
f 981 982 1013
f 982 1014 1013
f 1013 1014 1045
f 1014 1046 1045
f 1045 1046 1077
f 1046 1078 1077
f 1077 1078 1092
f 547 567 566
f 566 567 598
f 567 599 598
f 598 599 630
f 599 631 630
f 630 631 662
f 631 663 662
f 662 663 694
f 663 695 694
f 694 695 726
f 695 727 726
f 726 727 758
f 727 759 758
f 758 759 790
f 759 791 790
f 790 791 822
f 791 823 822
f 822 823 854
f 823 855 854
f 854 855 886
f 855 887 886
f 886 887 918
f 887 919 918
f 918 919 950
f 919 951 950
f 950 951 982
f 951 983 982
f 982 983 1014
f 983 1015 1014
f 1014 1015 1046
f 1015 1047 1046
f 1046 1047 1078
f 1047 1079 1078
f 1078 1079 1092
f 547 568 567
f 567 568 599
f 568 600 599
f 599 600 631
f 600 632 631
f 631 632 663
f 632 664 663
f 663 664 695
f 664 696 695
f 695 696 727
f 696 728 727
f 727 728 759
f 728 760 759
f 759 760 791
f 760 792 791
f 791 792 823
f 792 824 823
f 823 824 855
f 824 856 855
f 855 856 887
f 856 888 887
f 887 888 919
f 888 920 919
f 919 920 951
f 920 952 951
f 951 952 983
f 952 984 983
f 983 984 1015
f 984 1016 1015
f 1015 1016 1047
f 1016 1048 1047
f 1047 1048 1079
f 1048 1080 1079
f 1079 1080 1092
f 547 569 568
f 568 569 600
f 569 601 600
f 600 601 632
f 601 633 632
f 632 633 664
f 633 665 664
f 664 665 696
f 665 697 696
f 696 697 728
f 697 729 728
f 728 729 760
f 729 761 760
f 760 761 792
f 761 793 792
f 792 793 824
f 793 825 824
f 824 825 856
f 825 857 856
f 856 857 888
f 857 889 888
f 888 889 920
f 889 921 920
f 920 921 952
f 921 953 952
f 952 953 984
f 953 985 984
f 984 985 1016
f 985 1017 1016
f 1016 1017 1048
f 1017 1049 1048
f 1048 1049 1080
f 1049 1081 1080
f 1080 1081 1092
f 547 570 569
f 569 570 601
f 570 602 601
f 601 602 633
f 602 634 633
f 633 634 665
f 634 666 665
f 665 666 697
f 666 698 697
f 697 698 729
f 698 730 729
f 729 730 761
f 730 762 761
f 761 762 793
f 762 794 793
f 793 794 825
f 794 826 825
f 825 826 857
f 826 858 857
f 857 858 889
f 858 890 889
f 889 890 921
f 890 922 921
f 921 922 953
f 922 954 953
f 953 954 985
f 954 986 985
f 985 986 1017
f 986 1018 1017
f 1017 1018 1049
f 1018 1050 1049
f 1049 1050 1081
f 1050 1082 1081
f 1081 1082 1092
f 547 571 570
f 570 571 602
f 571 603 602
f 602 603 634
f 603 635 634
f 634 635 666
f 635 667 666
f 666 667 698
f 667 699 698
f 698 699 730
f 699 731 730
f 730 731 762
f 731 763 762
f 762 763 794
f 763 795 794
f 794 795 826
f 795 827 826
f 826 827 858
f 827 859 858
f 858 859 890
f 859 891 890
f 890 891 922
f 891 923 922
f 922 923 954
f 923 955 954
f 954 955 986
f 955 987 986
f 986 987 1018
f 987 1019 1018
f 1018 1019 1050
f 1019 1051 1050
f 1050 1051 1082
f 1051 1083 1082
f 1082 1083 1092
f 547 572 571
f 571 572 603
f 572 604 603
f 603 604 635
f 604 636 635
f 635 636 667
f 636 668 667
f 667 668 699
f 668 700 699
f 699 700 731
f 700 732 731
f 731 732 763
f 732 764 763
f 763 764 795
f 764 796 795
f 795 796 827
f 796 828 827
f 827 828 859
f 828 860 859
f 859 860 891
f 860 892 891
f 891 892 923
f 892 924 923
f 923 924 955
f 924 956 955
f 955 956 987
f 956 988 987
f 987 988 1019
f 988 1020 1019
f 1019 1020 1051
f 1020 1052 1051
f 1051 1052 1083
f 1052 1084 1083
f 1083 1084 1092
f 547 573 572
f 572 573 604
f 573 605 604
f 604 605 636
f 605 637 636
f 636 637 668
f 637 669 668
f 668 669 700
f 669 701 700
f 700 701 732
f 701 733 732
f 732 733 764
f 733 765 764
f 764 765 796
f 765 797 796
f 796 797 828
f 797 829 828
f 828 829 860
f 829 861 860
f 860 861 892
f 861 893 892
f 892 893 924
f 893 925 924
f 924 925 956
f 925 957 956
f 956 957 988
f 957 989 988
f 988 989 1020
f 989 1021 1020
f 1020 1021 1052
f 1021 1053 1052
f 1052 1053 1084
f 1053 1085 1084
f 1084 1085 1092
f 547 574 573
f 573 574 605
f 574 606 605
f 605 606 637
f 606 638 637
f 637 638 669
f 638 670 669
f 669 670 701
f 670 702 701
f 701 702 733
f 702 734 733
f 733 734 765
f 734 766 765
f 765 766 797
f 766 798 797
f 797 798 829
f 798 830 829
f 829 830 861
f 830 862 861
f 861 862 893
f 862 894 893
f 893 894 925
f 894 926 925
f 925 926 957
f 926 958 957
f 957 958 989
f 958 990 989
f 989 990 1021
f 990 1022 1021
f 1021 1022 1053
f 1022 1054 1053
f 1053 1054 1085
f 1054 1086 1085
f 1085 1086 1092
f 547 575 574
f 574 575 606
f 575 607 606
f 606 607 638
f 607 639 638
f 638 639 670
f 639 671 670
f 670 671 702
f 671 703 702
f 702 703 734
f 703 735 734
f 734 735 766
f 735 767 766
f 766 767 798
f 767 799 798
f 798 799 830
f 799 831 830
f 830 831 862
f 831 863 862
f 862 863 894
f 863 895 894
f 894 895 926
f 895 927 926
f 926 927 958
f 927 959 958
f 958 959 990
f 959 991 990
f 990 991 1022
f 991 1023 1022
f 1022 1023 1054
f 1023 1055 1054
f 1054 1055 1086
f 1055 1087 1086
f 1086 1087 1092
f 547 576 575
f 575 576 607
f 576 608 607
f 607 608 639
f 608 640 639
f 639 640 671
f 640 672 671
f 671 672 703
f 672 704 703
f 703 704 735
f 704 736 735
f 735 736 767
f 736 768 767
f 767 768 799
f 768 800 799
f 799 800 831
f 800 832 831
f 831 832 863
f 832 864 863
f 863 864 895
f 864 896 895
f 895 896 927
f 896 928 927
f 927 928 959
f 928 960 959
f 959 960 991
f 960 992 991
f 991 992 1023
f 992 1024 1023
f 1023 1024 1055
f 1024 1056 1055
f 1055 1056 1087
f 1056 1088 1087
f 1087 1088 1092
f 547 577 576
f 576 577 608
f 577 609 608
f 608 609 640
f 609 641 640
f 640 641 672
f 641 673 672
f 672 673 704
f 673 705 704
f 704 705 736
f 705 737 736
f 736 737 768
f 737 769 768
f 768 769 800
f 769 801 800
f 800 801 832
f 801 833 832
f 832 833 864
f 833 865 864
f 864 865 896
f 865 897 896
f 896 897 928
f 897 929 928
f 928 929 960
f 929 961 960
f 960 961 992
f 961 993 992
f 992 993 1024
f 993 1025 1024
f 1024 1025 1056
f 1025 1057 1056
f 1056 1057 1088
f 1057 1089 1088
f 1088 1089 1092
f 547 578 577
f 577 578 609
f 578 610 609
f 609 610 641
f 610 642 641
f 641 642 673
f 642 674 673
f 673 674 705
f 674 706 705
f 705 706 737
f 706 738 737
f 737 738 769
f 738 770 769
f 769 770 801
f 770 802 801
f 801 802 833
f 802 834 833
f 833 834 865
f 834 866 865
f 865 866 897
f 866 898 897
f 897 898 929
f 898 930 929
f 929 930 961
f 930 962 961
f 961 962 993
f 962 994 993
f 993 994 1025
f 994 1026 1025
f 1025 1026 1057
f 1026 1058 1057
f 1057 1058 1089
f 1058 1090 1089
f 1089 1090 1092
f 547 579 578
f 578 579 610
f 579 611 610
f 610 611 642
f 611 643 642
f 642 643 674
f 643 675 674
f 674 675 706
f 675 707 706
f 706 707 738
f 707 739 738
f 738 739 770
f 739 771 770
f 770 771 802
f 771 803 802
f 802 803 834
f 803 835 834
f 834 835 866
f 835 867 866
f 866 867 898
f 867 899 898
f 898 899 930
f 899 931 930
f 930 931 962
f 931 963 962
f 962 963 994
f 963 995 994
f 994 995 1026
f 995 1027 1026
f 1026 1027 1058
f 1027 1059 1058
f 1058 1059 1090
f 1059 1091 1090
f 1090 1091 1092
f 547 548 579
f 579 548 611
f 548 580 611
f 611 580 643
f 580 612 643
f 643 612 675
f 612 644 675
f 675 644 707
f 644 676 707
f 707 676 739
f 676 708 739
f 739 708 771
f 708 740 771
f 771 740 803
f 740 772 803
f 803 772 835
f 772 804 835
f 835 804 867
f 804 836 867
f 867 836 899
f 836 868 899
f 899 868 931
f 868 900 931
f 931 900 963
f 900 932 963
f 963 932 995
f 932 964 995
f 995 964 1027
f 964 996 1027
f 1027 996 1059
f 996 1028 1059
f 1059 1028 1091
f 1028 1060 1091
f 1091 1060 1092
f 1093 1095 1094
f 1094 1095 1126
f 1095 1127 1126
f 1126 1127 1158
f 1127 1159 1158
f 1158 1159 1190
f 1159 1191 1190
f 1190 1191 1222
f 1191 1223 1222
f 1222 1223 1254
f 1223 1255 1254
f 1254 1255 1286
f 1255 1287 1286
f 1286 1287 1318
f 1287 1319 1318
f 1318 1319 1350
f 1319 1351 1350
f 1350 1351 1382
f 1351 1383 1382
f 1382 1383 1414
f 1383 1415 1414
f 1414 1415 1446
f 1415 1447 1446
f 1446 1447 1478
f 1447 1479 1478
f 1478 1479 1510
f 1479 1511 1510
f 1510 1511 1542
f 1511 1543 1542
f 1542 1543 1574
f 1543 1575 1574
f 1574 1575 1606
f 1575 1607 1606
f 1606 1607 1638
f 1093 1096 1095
f 1095 1096 1127
f 1096 1128 1127
f 1127 1128 1159
f 1128 1160 1159
f 1159 1160 1191
f 1160 1192 1191
f 1191 1192 1223
f 1192 1224 1223
f 1223 1224 1255
f 1224 1256 1255
f 1255 1256 1287
f 1256 1288 1287
f 1287 1288 1319
f 1288 1320 1319
f 1319 1320 1351
f 1320 1352 1351
f 1351 1352 1383
f 1352 1384 1383
f 1383 1384 1415
f 1384 1416 1415
f 1415 1416 1447
f 1416 1448 1447
f 1447 1448 1479
f 1448 1480 1479
f 1479 1480 1511
f 1480 1512 1511
f 1511 1512 1543
f 1512 1544 1543
f 1543 1544 1575
f 1544 1576 1575
f 1575 1576 1607
f 1576 1608 1607
f 1607 1608 1638
f 1093 1097 1096
f 1096 1097 1128
f 1097 1129 1128
f 1128 1129 1160
f 1129 1161 1160
f 1160 1161 1192
f 1161 1193 1192
f 1192 1193 1224
f 1193 1225 1224
f 1224 1225 1256
f 1225 1257 1256
f 1256 1257 1288
f 1257 1289 1288
f 1288 1289 1320
f 1289 1321 1320
f 1320 1321 1352
f 1321 1353 1352
f 1352 1353 1384
f 1353 1385 1384
f 1384 1385 1416
f 1385 1417 1416
f 1416 1417 1448
f 1417 1449 1448
f 1448 1449 1480
f 1449 1481 1480
f 1480 1481 1512
f 1481 1513 1512
f 1512 1513 1544
f 1513 1545 1544
f 1544 1545 1576
f 1545 1577 1576
f 1576 1577 1608
f 1577 1609 1608
f 1608 1609 1638
f 1093 1098 1097
f 1097 1098 1129
f 1098 1130 1129
f 1129 1130 1161
f 1130 1162 1161
f 1161 1162 1193
f 1162 1194 1193
f 1193 1194 1225
f 1194 1226 1225
f 1225 1226 1257
f 1226 1258 1257
f 1257 1258 1289
f 1258 1290 1289
f 1289 1290 1321
f 1290 1322 1321
f 1321 1322 1353
f 1322 1354 1353
f 1353 1354 1385
f 1354 1386 1385
f 1385 1386 1417
f 1386 1418 1417
f 1417 1418 1449
f 1418 1450 1449
f 1449 1450 1481
f 1450 1482 1481
f 1481 1482 1513
f 1482 1514 1513
f 1513 1514 1545
f 1514 1546 1545
f 1545 1546 1577
f 1546 1578 1577
f 1577 1578 1609
f 1578 1610 1609
f 1609 1610 1638
f 1093 1099 1098
f 1098 1099 1130
f 1099 1131 1130
f 1130 1131 1162
f 1131 1163 1162
f 1162 1163 1194
f 1163 1195 1194
f 1194 1195 1226
f 1195 1227 1226
f 1226 1227 1258
f 1227 1259 1258
f 1258 1259 1290
f 1259 1291 1290
f 1290 1291 1322
f 1291 1323 1322
f 1322 1323 1354
f 1323 1355 1354
f 1354 1355 1386
f 1355 1387 1386
f 1386 1387 1418
f 1387 1419 1418
f 1418 1419 1450
f 1419 1451 1450
f 1450 1451 1482
f 1451 1483 1482
f 1482 1483 1514
f 1483 1515 1514
f 1514 1515 1546
f 1515 1547 1546
f 1546 1547 1578
f 1547 1579 1578
f 1578 1579 1610
f 1579 1611 1610
f 1610 1611 1638
f 1093 1100 1099
f 1099 1100 1131
f 1100 1132 1131
f 1131 1132 1163
f 1132 1164 1163
f 1163 1164 1195
f 1164 1196 1195
f 1195 1196 1227
f 1196 1228 1227
f 1227 1228 1259
f 1228 1260 1259
f 1259 1260 1291
f 1260 1292 1291
f 1291 1292 1323
f 1292 1324 1323
f 1323 1324 1355
f 1324 1356 1355
f 1355 1356 1387
f 1356 1388 1387
f 1387 1388 1419
f 1388 1420 1419
f 1419 1420 1451
f 1420 1452 1451
f 1451 1452 1483
f 1452 1484 1483
f 1483 1484 1515
f 1484 1516 1515
f 1515 1516 1547
f 1516 1548 1547
f 1547 1548 1579
f 1548 1580 1579
f 1579 1580 1611
f 1580 1612 1611
f 1611 1612 1638
f 1093 1101 1100
f 1100 1101 1132
f 1101 1133 1132
f 1132 1133 1164
f 1133 1165 1164
f 1164 1165 1196
f 1165 1197 1196
f 1196 1197 1228
f 1197 1229 1228
f 1228 1229 1260
f 1229 1261 1260
f 1260 1261 1292
f 1261 1293 1292
f 1292 1293 1324
f 1293 1325 1324
f 1324 1325 1356
f 1325 1357 1356
f 1356 1357 1388
f 1357 1389 1388
f 1388 1389 1420
f 1389 1421 1420
f 1420 1421 1452
f 1421 1453 1452
f 1452 1453 1484
f 1453 1485 1484
f 1484 1485 1516
f 1485 1517 1516
f 1516 1517 1548
f 1517 1549 1548
f 1548 1549 1580
f 1549 1581 1580
f 1580 1581 1612
f 1581 1613 1612
f 1612 1613 1638
f 1093 1102 1101
f 1101 1102 1133
f 1102 1134 1133
f 1133 1134 1165
f 1134 1166 1165
f 1165 1166 1197
f 1166 1198 1197
f 1197 1198 1229
f 1198 1230 1229
f 1229 1230 1261
f 1230 1262 1261
f 1261 1262 1293
f 1262 1294 1293
f 1293 1294 1325
f 1294 1326 1325
f 1325 1326 1357
f 1326 1358 1357
f 1357 1358 1389
f 1358 1390 1389
f 1389 1390 1421
f 1390 1422 1421
f 1421 1422 1453
f 1422 1454 1453
f 1453 1454 1485
f 1454 1486 1485
f 1485 1486 1517
f 1486 1518 1517
f 1517 1518 1549
f 1518 1550 1549
f 1549 1550 1581
f 1550 1582 1581
f 1581 1582 1613
f 1582 1614 1613
f 1613 1614 1638
f 1093 1103 1102
f 1102 1103 1134
f 1103 1135 1134
f 1134 1135 1166
f 1135 1167 1166
f 1166 1167 1198
f 1167 1199 1198
f 1198 1199 1230
f 1199 1231 1230
f 1230 1231 1262
f 1231 1263 1262
f 1262 1263 1294
f 1263 1295 1294
f 1294 1295 1326
f 1295 1327 1326
f 1326 1327 1358
f 1327 1359 1358
f 1358 1359 1390
f 1359 1391 1390
f 1390 1391 1422
f 1391 1423 1422
f 1422 1423 1454
f 1423 1455 1454
f 1454 1455 1486
f 1455 1487 1486
f 1486 1487 1518
f 1487 1519 1518
f 1518 1519 1550
f 1519 1551 1550
f 1550 1551 1582
f 1551 1583 1582
f 1582 1583 1614
f 1583 1615 1614
f 1614 1615 1638
f 1093 1104 1103
f 1103 1104 1135
f 1104 1136 1135
f 1135 1136 1167
f 1136 1168 1167
f 1167 1168 1199
f 1168 1200 1199
f 1199 1200 1231
f 1200 1232 1231
f 1231 1232 1263
f 1232 1264 1263
f 1263 1264 1295
f 1264 1296 1295
f 1295 1296 1327
f 1296 1328 1327
f 1327 1328 1359
f 1328 1360 1359
f 1359 1360 1391
f 1360 1392 1391
f 1391 1392 1423
f 1392 1424 1423
f 1423 1424 1455
f 1424 1456 1455
f 1455 1456 1487
f 1456 1488 1487
f 1487 1488 1519
f 1488 1520 1519
f 1519 1520 1551
f 1520 1552 1551
f 1551 1552 1583
f 1552 1584 1583
f 1583 1584 1615
f 1584 1616 1615
f 1615 1616 1638
f 1093 1105 1104
f 1104 1105 1136
f 1105 1137 1136
f 1136 1137 1168
f 1137 1169 1168
f 1168 1169 1200
f 1169 1201 1200
f 1200 1201 1232
f 1201 1233 1232
f 1232 1233 1264
f 1233 1265 1264
f 1264 1265 1296
f 1265 1297 1296
f 1296 1297 1328
f 1297 1329 1328
f 1328 1329 1360
f 1329 1361 1360
f 1360 1361 1392
f 1361 1393 1392
f 1392 1393 1424
f 1393 1425 1424
f 1424 1425 1456
f 1425 1457 1456
f 1456 1457 1488
f 1457 1489 1488
f 1488 1489 1520
f 1489 1521 1520
f 1520 1521 1552
f 1521 1553 1552
f 1552 1553 1584
f 1553 1585 1584
f 1584 1585 1616
f 1585 1617 1616
f 1616 1617 1638
f 1093 1106 1105
f 1105 1106 1137
f 1106 1138 1137
f 1137 1138 1169
f 1138 1170 1169
f 1169 1170 1201
f 1170 1202 1201
f 1201 1202 1233
f 1202 1234 1233
f 1233 1234 1265
f 1234 1266 1265
f 1265 1266 1297
f 1266 1298 1297
f 1297 1298 1329
f 1298 1330 1329
f 1329 1330 1361
f 1330 1362 1361
f 1361 1362 1393
f 1362 1394 1393
f 1393 1394 1425
f 1394 1426 1425
f 1425 1426 1457
f 1426 1458 1457
f 1457 1458 1489
f 1458 1490 1489
f 1489 1490 1521
f 1490 1522 1521
f 1521 1522 1553
f 1522 1554 1553
f 1553 1554 1585
f 1554 1586 1585
f 1585 1586 1617
f 1586 1618 1617
f 1617 1618 1638
f 1093 1107 1106
f 1106 1107 1138
f 1107 1139 1138
f 1138 1139 1170
f 1139 1171 1170
f 1170 1171 1202
f 1171 1203 1202
f 1202 1203 1234
f 1203 1235 1234
f 1234 1235 1266
f 1235 1267 1266
f 1266 1267 1298
f 1267 1299 1298
f 1298 1299 1330
f 1299 1331 1330
f 1330 1331 1362
f 1331 1363 1362
f 1362 1363 1394
f 1363 1395 1394
f 1394 1395 1426
f 1395 1427 1426
f 1426 1427 1458
f 1427 1459 1458
f 1458 1459 1490
f 1459 1491 1490
f 1490 1491 1522
f 1491 1523 1522
f 1522 1523 1554
f 1523 1555 1554
f 1554 1555 1586
f 1555 1587 1586
f 1586 1587 1618
f 1587 1619 1618
f 1618 1619 1638
f 1093 1108 1107
f 1107 1108 1139
f 1108 1140 1139
f 1139 1140 1171
f 1140 1172 1171
f 1171 1172 1203
f 1172 1204 1203
f 1203 1204 1235
f 1204 1236 1235
f 1235 1236 1267
f 1236 1268 1267
f 1267 1268 1299
f 1268 1300 1299
f 1299 1300 1331
f 1300 1332 1331
f 1331 1332 1363
f 1332 1364 1363
f 1363 1364 1395
f 1364 1396 1395
f 1395 1396 1427
f 1396 1428 1427
f 1427 1428 1459
f 1428 1460 1459
f 1459 1460 1491
f 1460 1492 1491
f 1491 1492 1523
f 1492 1524 1523
f 1523 1524 1555
f 1524 1556 1555
f 1555 1556 1587
f 1556 1588 1587
f 1587 1588 1619
f 1588 1620 1619
f 1619 1620 1638
f 1093 1109 1108
f 1108 1109 1140
f 1109 1141 1140
f 1140 1141 1172
f 1141 1173 1172
f 1172 1173 1204
f 1173 1205 1204
f 1204 1205 1236
f 1205 1237 1236
f 1236 1237 1268
f 1237 1269 1268
f 1268 1269 1300
f 1269 1301 1300
f 1300 1301 1332
f 1301 1333 1332
f 1332 1333 1364
f 1333 1365 1364
f 1364 1365 1396
f 1365 1397 1396
f 1396 1397 1428
f 1397 1429 1428
f 1428 1429 1460
f 1429 1461 1460
f 1460 1461 1492
f 1461 1493 1492
f 1492 1493 1524
f 1493 1525 1524
f 1524 1525 1556
f 1525 1557 1556
f 1556 1557 1588
f 1557 1589 1588
f 1588 1589 1620
f 1589 1621 1620
f 1620 1621 1638
f 1093 1110 1109
f 1109 1110 1141
f 1110 1142 1141
f 1141 1142 1173
f 1142 1174 1173
f 1173 1174 1205
f 1174 1206 1205
f 1205 1206 1237
f 1206 1238 1237
f 1237 1238 1269
f 1238 1270 1269
f 1269 1270 1301
f 1270 1302 1301
f 1301 1302 1333
f 1302 1334 1333
f 1333 1334 1365
f 1334 1366 1365
f 1365 1366 1397
f 1366 1398 1397
f 1397 1398 1429
f 1398 1430 1429
f 1429 1430 1461
f 1430 1462 1461
f 1461 1462 1493
f 1462 1494 1493
f 1493 1494 1525
f 1494 1526 1525
f 1525 1526 1557
f 1526 1558 1557
f 1557 1558 1589
f 1558 1590 1589
f 1589 1590 1621
f 1590 1622 1621
f 1621 1622 1638
f 1093 1111 1110
f 1110 1111 1142
f 1111 1143 1142
f 1142 1143 1174
f 1143 1175 1174
f 1174 1175 1206
f 1175 1207 1206
f 1206 1207 1238
f 1207 1239 1238
f 1238 1239 1270
f 1239 1271 1270
f 1270 1271 1302
f 1271 1303 1302
f 1302 1303 1334
f 1303 1335 1334
f 1334 1335 1366
f 1335 1367 1366
f 1366 1367 1398
f 1367 1399 1398
f 1398 1399 1430
f 1399 1431 1430
f 1430 1431 1462
f 1431 1463 1462
f 1462 1463 1494
f 1463 1495 1494
f 1494 1495 1526
f 1495 1527 1526
f 1526 1527 1558
f 1527 1559 1558
f 1558 1559 1590
f 1559 1591 1590
f 1590 1591 1622
f 1591 1623 1622
f 1622 1623 1638
f 1093 1112 1111
f 1111 1112 1143
f 1112 1144 1143
f 1143 1144 1175
f 1144 1176 1175
f 1175 1176 1207
f 1176 1208 1207
f 1207 1208 1239
f 1208 1240 1239
f 1239 1240 1271
f 1240 1272 1271
f 1271 1272 1303
f 1272 1304 1303
f 1303 1304 1335
f 1304 1336 1335
f 1335 1336 1367
f 1336 1368 1367
f 1367 1368 1399
f 1368 1400 1399
f 1399 1400 1431
f 1400 1432 1431
f 1431 1432 1463
f 1432 1464 1463
f 1463 1464 1495
f 1464 1496 1495
f 1495 1496 1527
f 1496 1528 1527
f 1527 1528 1559
f 1528 1560 1559
f 1559 1560 1591
f 1560 1592 1591
f 1591 1592 1623
f 1592 1624 1623
f 1623 1624 1638
f 1093 1113 1112
f 1112 1113 1144
f 1113 1145 1144
f 1144 1145 1176
f 1145 1177 1176
f 1176 1177 1208
f 1177 1209 1208
f 1208 1209 1240
f 1209 1241 1240
f 1240 1241 1272
f 1241 1273 1272
f 1272 1273 1304
f 1273 1305 1304
f 1304 1305 1336
f 1305 1337 1336
f 1336 1337 1368
f 1337 1369 1368
f 1368 1369 1400
f 1369 1401 1400
f 1400 1401 1432
f 1401 1433 1432
f 1432 1433 1464
f 1433 1465 1464
f 1464 1465 1496
f 1465 1497 1496
f 1496 1497 1528
f 1497 1529 1528
f 1528 1529 1560
f 1529 1561 1560
f 1560 1561 1592
f 1561 1593 1592
f 1592 1593 1624
f 1593 1625 1624
f 1624 1625 1638
f 1093 1114 1113
f 1113 1114 1145
f 1114 1146 1145
f 1145 1146 1177
f 1146 1178 1177
f 1177 1178 1209
f 1178 1210 1209
f 1209 1210 1241
f 1210 1242 1241
f 1241 1242 1273
f 1242 1274 1273
f 1273 1274 1305
f 1274 1306 1305
f 1305 1306 1337
f 1306 1338 1337
f 1337 1338 1369
f 1338 1370 1369
f 1369 1370 1401
f 1370 1402 1401
f 1401 1402 1433
f 1402 1434 1433
f 1433 1434 1465
f 1434 1466 1465
f 1465 1466 1497
f 1466 1498 1497
f 1497 1498 1529
f 1498 1530 1529
f 1529 1530 1561
f 1530 1562 1561
f 1561 1562 1593
f 1562 1594 1593
f 1593 1594 1625
f 1594 1626 1625
f 1625 1626 1638
f 1093 1115 1114
f 1114 1115 1146
f 1115 1147 1146
f 1146 1147 1178
f 1147 1179 1178
f 1178 1179 1210
f 1179 1211 1210
f 1210 1211 1242
f 1211 1243 1242
f 1242 1243 1274
f 1243 1275 1274
f 1274 1275 1306
f 1275 1307 1306
f 1306 1307 1338
f 1307 1339 1338
f 1338 1339 1370
f 1339 1371 1370
f 1370 1371 1402
f 1371 1403 1402
f 1402 1403 1434
f 1403 1435 1434
f 1434 1435 1466
f 1435 1467 1466
f 1466 1467 1498
f 1467 1499 1498
f 1498 1499 1530
f 1499 1531 1530
f 1530 1531 1562
f 1531 1563 1562
f 1562 1563 1594
f 1563 1595 1594
f 1594 1595 1626
f 1595 1627 1626
f 1626 1627 1638
f 1093 1116 1115
f 1115 1116 1147
f 1116 1148 1147
f 1147 1148 1179
f 1148 1180 1179
f 1179 1180 1211
f 1180 1212 1211
f 1211 1212 1243
f 1212 1244 1243
f 1243 1244 1275
f 1244 1276 1275
f 1275 1276 1307
f 1276 1308 1307
f 1307 1308 1339
f 1308 1340 1339
f 1339 1340 1371
f 1340 1372 1371
f 1371 1372 1403
f 1372 1404 1403
f 1403 1404 1435
f 1404 1436 1435
f 1435 1436 1467
f 1436 1468 1467
f 1467 1468 1499
f 1468 1500 1499
f 1499 1500 1531
f 1500 1532 1531
f 1531 1532 1563
f 1532 1564 1563
f 1563 1564 1595
f 1564 1596 1595
f 1595 1596 1627
f 1596 1628 1627
f 1627 1628 1638
f 1093 1117 1116
f 1116 1117 1148
f 1117 1149 1148
f 1148 1149 1180
f 1149 1181 1180
f 1180 1181 1212
f 1181 1213 1212
f 1212 1213 1244
f 1213 1245 1244
f 1244 1245 1276
f 1245 1277 1276
f 1276 1277 1308
f 1277 1309 1308
f 1308 1309 1340
f 1309 1341 1340
f 1340 1341 1372
f 1341 1373 1372
f 1372 1373 1404
f 1373 1405 1404
f 1404 1405 1436
f 1405 1437 1436
f 1436 1437 1468
f 1437 1469 1468
f 1468 1469 1500
f 1469 1501 1500
f 1500 1501 1532
f 1501 1533 1532
f 1532 1533 1564
f 1533 1565 1564
f 1564 1565 1596
f 1565 1597 1596
f 1596 1597 1628
f 1597 1629 1628
f 1628 1629 1638
f 1093 1118 1117
f 1117 1118 1149
f 1118 1150 1149
f 1149 1150 1181
f 1150 1182 1181
f 1181 1182 1213
f 1182 1214 1213
f 1213 1214 1245
f 1214 1246 1245
f 1245 1246 1277
f 1246 1278 1277
f 1277 1278 1309
f 1278 1310 1309
f 1309 1310 1341
f 1310 1342 1341
f 1341 1342 1373
f 1342 1374 1373
f 1373 1374 1405
f 1374 1406 1405
f 1405 1406 1437
f 1406 1438 1437
f 1437 1438 1469
f 1438 1470 1469
f 1469 1470 1501
f 1470 1502 1501
f 1501 1502 1533
f 1502 1534 1533
f 1533 1534 1565
f 1534 1566 1565
f 1565 1566 1597
f 1566 1598 1597
f 1597 1598 1629
f 1598 1630 1629
f 1629 1630 1638
f 1093 1119 1118
f 1118 1119 1150
f 1119 1151 1150
f 1150 1151 1182
f 1151 1183 1182
f 1182 1183 1214
f 1183 1215 1214
f 1214 1215 1246
f 1215 1247 1246
f 1246 1247 1278
f 1247 1279 1278
f 1278 1279 1310
f 1279 1311 1310
f 1310 1311 1342
f 1311 1343 1342
f 1342 1343 1374
f 1343 1375 1374
f 1374 1375 1406
f 1375 1407 1406
f 1406 1407 1438
f 1407 1439 1438
f 1438 1439 1470
f 1439 1471 1470
f 1470 1471 1502
f 1471 1503 1502
f 1502 1503 1534
f 1503 1535 1534
f 1534 1535 1566
f 1535 1567 1566
f 1566 1567 1598
f 1567 1599 1598
f 1598 1599 1630
f 1599 1631 1630
f 1630 1631 1638
f 1093 1120 1119
f 1119 1120 1151
f 1120 1152 1151
f 1151 1152 1183
f 1152 1184 1183
f 1183 1184 1215
f 1184 1216 1215
f 1215 1216 1247
f 1216 1248 1247
f 1247 1248 1279
f 1248 1280 1279
f 1279 1280 1311
f 1280 1312 1311
f 1311 1312 1343
f 1312 1344 1343
f 1343 1344 1375
f 1344 1376 1375
f 1375 1376 1407
f 1376 1408 1407
f 1407 1408 1439
f 1408 1440 1439
f 1439 1440 1471
f 1440 1472 1471
f 1471 1472 1503
f 1472 1504 1503
f 1503 1504 1535
f 1504 1536 1535
f 1535 1536 1567
f 1536 1568 1567
f 1567 1568 1599
f 1568 1600 1599
f 1599 1600 1631
f 1600 1632 1631
f 1631 1632 1638
f 1093 1121 1120
f 1120 1121 1152
f 1121 1153 1152
f 1152 1153 1184
f 1153 1185 1184
f 1184 1185 1216
f 1185 1217 1216
f 1216 1217 1248
f 1217 1249 1248
f 1248 1249 1280
f 1249 1281 1280
f 1280 1281 1312
f 1281 1313 1312
f 1312 1313 1344
f 1313 1345 1344
f 1344 1345 1376
f 1345 1377 1376
f 1376 1377 1408
f 1377 1409 1408
f 1408 1409 1440
f 1409 1441 1440
f 1440 1441 1472
f 1441 1473 1472
f 1472 1473 1504
f 1473 1505 1504
f 1504 1505 1536
f 1505 1537 1536
f 1536 1537 1568
f 1537 1569 1568
f 1568 1569 1600
f 1569 1601 1600
f 1600 1601 1632
f 1601 1633 1632
f 1632 1633 1638
f 1093 1122 1121
f 1121 1122 1153
f 1122 1154 1153
f 1153 1154 1185
f 1154 1186 1185
f 1185 1186 1217
f 1186 1218 1217
f 1217 1218 1249
f 1218 1250 1249
f 1249 1250 1281
f 1250 1282 1281
f 1281 1282 1313
f 1282 1314 1313
f 1313 1314 1345
f 1314 1346 1345
f 1345 1346 1377
f 1346 1378 1377
f 1377 1378 1409
f 1378 1410 1409
f 1409 1410 1441
f 1410 1442 1441
f 1441 1442 1473
f 1442 1474 1473
f 1473 1474 1505
f 1474 1506 1505
f 1505 1506 1537
f 1506 1538 1537
f 1537 1538 1569
f 1538 1570 1569
f 1569 1570 1601
f 1570 1602 1601
f 1601 1602 1633
f 1602 1634 1633
f 1633 1634 1638
f 1093 1123 1122
f 1122 1123 1154
f 1123 1155 1154
f 1154 1155 1186
f 1155 1187 1186
f 1186 1187 1218
f 1187 1219 1218
f 1218 1219 1250
f 1219 1251 1250
f 1250 1251 1282
f 1251 1283 1282
f 1282 1283 1314
f 1283 1315 1314
f 1314 1315 1346
f 1315 1347 1346
f 1346 1347 1378
f 1347 1379 1378
f 1378 1379 1410
f 1379 1411 1410
f 1410 1411 1442
f 1411 1443 1442
f 1442 1443 1474
f 1443 1475 1474
f 1474 1475 1506
f 1475 1507 1506
f 1506 1507 1538
f 1507 1539 1538
f 1538 1539 1570
f 1539 1571 1570
f 1570 1571 1602
f 1571 1603 1602
f 1602 1603 1634
f 1603 1635 1634
f 1634 1635 1638
f 1093 1124 1123
f 1123 1124 1155
f 1124 1156 1155
f 1155 1156 1187
f 1156 1188 1187
f 1187 1188 1219
f 1188 1220 1219
f 1219 1220 1251
f 1220 1252 1251
f 1251 1252 1283
f 1252 1284 1283
f 1283 1284 1315
f 1284 1316 1315
f 1315 1316 1347
f 1316 1348 1347
f 1347 1348 1379
f 1348 1380 1379
f 1379 1380 1411
f 1380 1412 1411
f 1411 1412 1443
f 1412 1444 1443
f 1443 1444 1475
f 1444 1476 1475
f 1475 1476 1507
f 1476 1508 1507
f 1507 1508 1539
f 1508 1540 1539
f 1539 1540 1571
f 1540 1572 1571
f 1571 1572 1603
f 1572 1604 1603
f 1603 1604 1635
f 1604 1636 1635
f 1635 1636 1638
f 1093 1125 1124
f 1124 1125 1156
f 1125 1157 1156
f 1156 1157 1188
f 1157 1189 1188
f 1188 1189 1220
f 1189 1221 1220
f 1220 1221 1252
f 1221 1253 1252
f 1252 1253 1284
f 1253 1285 1284
f 1284 1285 1316
f 1285 1317 1316
f 1316 1317 1348
f 1317 1349 1348
f 1348 1349 1380
f 1349 1381 1380
f 1380 1381 1412
f 1381 1413 1412
f 1412 1413 1444
f 1413 1445 1444
f 1444 1445 1476
f 1445 1477 1476
f 1476 1477 1508
f 1477 1509 1508
f 1508 1509 1540
f 1509 1541 1540
f 1540 1541 1572
f 1541 1573 1572
f 1572 1573 1604
f 1573 1605 1604
f 1604 1605 1636
f 1605 1637 1636
f 1636 1637 1638
f 1093 1094 1125
f 1125 1094 1157
f 1094 1126 1157
f 1157 1126 1189
f 1126 1158 1189
f 1189 1158 1221
f 1158 1190 1221
f 1221 1190 1253
f 1190 1222 1253
f 1253 1222 1285
f 1222 1254 1285
f 1285 1254 1317
f 1254 1286 1317
f 1317 1286 1349
f 1286 1318 1349
f 1349 1318 1381
f 1318 1350 1381
f 1381 1350 1413
f 1350 1382 1413
f 1413 1382 1445
f 1382 1414 1445
f 1445 1414 1477
f 1414 1446 1477
f 1477 1446 1509
f 1446 1478 1509
f 1509 1478 1541
f 1478 1510 1541
f 1541 1510 1573
f 1510 1542 1573
f 1573 1542 1605
f 1542 1574 1605
f 1605 1574 1637
f 1574 1606 1637
f 1637 1606 1638
usemtl dark
f 1639 1641 1640
f 1640 1641 1672
f 1641 1673 1672
f 1672 1673 1704
f 1673 1705 1704
f 1704 1705 1736
f 1705 1737 1736
f 1736 1737 1768
f 1737 1769 1768
f 1768 1769 1800
f 1769 1801 1800
f 1800 1801 1832
f 1801 1833 1832
f 1832 1833 1864
f 1833 1865 1864
f 1864 1865 1896
f 1865 1897 1896
f 1896 1897 1928
f 1897 1929 1928
f 1928 1929 1960
f 1929 1961 1960
f 1960 1961 1992
f 1961 1993 1992
f 1992 1993 2024
f 1993 2025 2024
f 2024 2025 2056
f 2025 2057 2056
f 2056 2057 2088
f 2057 2089 2088
f 2088 2089 2120
f 2089 2121 2120
f 2120 2121 2152
f 2121 2153 2152
f 2152 2153 2184
f 1639 1642 1641
f 1641 1642 1673
f 1642 1674 1673
f 1673 1674 1705
f 1674 1706 1705
f 1705 1706 1737
f 1706 1738 1737
f 1737 1738 1769
f 1738 1770 1769
f 1769 1770 1801
f 1770 1802 1801
f 1801 1802 1833
f 1802 1834 1833
f 1833 1834 1865
f 1834 1866 1865
f 1865 1866 1897
f 1866 1898 1897
f 1897 1898 1929
f 1898 1930 1929
f 1929 1930 1961
f 1930 1962 1961
f 1961 1962 1993
f 1962 1994 1993
f 1993 1994 2025
f 1994 2026 2025
f 2025 2026 2057
f 2026 2058 2057
f 2057 2058 2089
f 2058 2090 2089
f 2089 2090 2121
f 2090 2122 2121
f 2121 2122 2153
f 2122 2154 2153
f 2153 2154 2184
f 1639 1643 1642
f 1642 1643 1674
f 1643 1675 1674
f 1674 1675 1706
f 1675 1707 1706
f 1706 1707 1738
f 1707 1739 1738
f 1738 1739 1770
f 1739 1771 1770
f 1770 1771 1802
f 1771 1803 1802
f 1802 1803 1834
f 1803 1835 1834
f 1834 1835 1866
f 1835 1867 1866
f 1866 1867 1898
f 1867 1899 1898
f 1898 1899 1930
f 1899 1931 1930
f 1930 1931 1962
f 1931 1963 1962
f 1962 1963 1994
f 1963 1995 1994
f 1994 1995 2026
f 1995 2027 2026
f 2026 2027 2058
f 2027 2059 2058
f 2058 2059 2090
f 2059 2091 2090
f 2090 2091 2122
f 2091 2123 2122
f 2122 2123 2154
f 2123 2155 2154
f 2154 2155 2184
f 1639 1644 1643
f 1643 1644 1675
f 1644 1676 1675
f 1675 1676 1707
f 1676 1708 1707
f 1707 1708 1739
f 1708 1740 1739
f 1739 1740 1771
f 1740 1772 1771
f 1771 1772 1803
f 1772 1804 1803
f 1803 1804 1835
f 1804 1836 1835
f 1835 1836 1867
f 1836 1868 1867
f 1867 1868 1899
f 1868 1900 1899
f 1899 1900 1931
f 1900 1932 1931
f 1931 1932 1963
f 1932 1964 1963
f 1963 1964 1995
f 1964 1996 1995
f 1995 1996 2027
f 1996 2028 2027
f 2027 2028 2059
f 2028 2060 2059
f 2059 2060 2091
f 2060 2092 2091
f 2091 2092 2123
f 2092 2124 2123
f 2123 2124 2155
f 2124 2156 2155
f 2155 2156 2184
f 1639 1645 1644
f 1644 1645 1676
f 1645 1677 1676
f 1676 1677 1708
f 1677 1709 1708
f 1708 1709 1740
f 1709 1741 1740
f 1740 1741 1772
f 1741 1773 1772
f 1772 1773 1804
f 1773 1805 1804
f 1804 1805 1836
f 1805 1837 1836
f 1836 1837 1868
f 1837 1869 1868
f 1868 1869 1900
f 1869 1901 1900
f 1900 1901 1932
f 1901 1933 1932
f 1932 1933 1964
f 1933 1965 1964
f 1964 1965 1996
f 1965 1997 1996
f 1996 1997 2028
f 1997 2029 2028
f 2028 2029 2060
f 2029 2061 2060
f 2060 2061 2092
f 2061 2093 2092
f 2092 2093 2124
f 2093 2125 2124
f 2124 2125 2156
f 2125 2157 2156
f 2156 2157 2184
f 1639 1646 1645
f 1645 1646 1677
f 1646 1678 1677
f 1677 1678 1709
f 1678 1710 1709
f 1709 1710 1741
f 1710 1742 1741
f 1741 1742 1773
f 1742 1774 1773
f 1773 1774 1805
f 1774 1806 1805
f 1805 1806 1837
f 1806 1838 1837
f 1837 1838 1869
f 1838 1870 1869
f 1869 1870 1901
f 1870 1902 1901
f 1901 1902 1933
f 1902 1934 1933
f 1933 1934 1965
f 1934 1966 1965
f 1965 1966 1997
f 1966 1998 1997
f 1997 1998 2029
f 1998 2030 2029
f 2029 2030 2061
f 2030 2062 2061
f 2061 2062 2093
f 2062 2094 2093
f 2093 2094 2125
f 2094 2126 2125
f 2125 2126 2157
f 2126 2158 2157
f 2157 2158 2184
f 1639 1647 1646
f 1646 1647 1678
f 1647 1679 1678
f 1678 1679 1710
f 1679 1711 1710
f 1710 1711 1742
f 1711 1743 1742
f 1742 1743 1774
f 1743 1775 1774
f 1774 1775 1806
f 1775 1807 1806
f 1806 1807 1838
f 1807 1839 1838
f 1838 1839 1870
f 1839 1871 1870
f 1870 1871 1902
f 1871 1903 1902
f 1902 1903 1934
f 1903 1935 1934
f 1934 1935 1966
f 1935 1967 1966
f 1966 1967 1998
f 1967 1999 1998
f 1998 1999 2030
f 1999 2031 2030
f 2030 2031 2062
f 2031 2063 2062
f 2062 2063 2094
f 2063 2095 2094
f 2094 2095 2126
f 2095 2127 2126
f 2126 2127 2158
f 2127 2159 2158
f 2158 2159 2184
f 1639 1648 1647
f 1647 1648 1679
f 1648 1680 1679
f 1679 1680 1711
f 1680 1712 1711
f 1711 1712 1743
f 1712 1744 1743
f 1743 1744 1775
f 1744 1776 1775
f 1775 1776 1807
f 1776 1808 1807
f 1807 1808 1839
f 1808 1840 1839
f 1839 1840 1871
f 1840 1872 1871
f 1871 1872 1903
f 1872 1904 1903
f 1903 1904 1935
f 1904 1936 1935
f 1935 1936 1967
f 1936 1968 1967
f 1967 1968 1999
f 1968 2000 1999
f 1999 2000 2031
f 2000 2032 2031
f 2031 2032 2063
f 2032 2064 2063
f 2063 2064 2095
f 2064 2096 2095
f 2095 2096 2127
f 2096 2128 2127
f 2127 2128 2159
f 2128 2160 2159
f 2159 2160 2184
f 1639 1649 1648
f 1648 1649 1680
f 1649 1681 1680
f 1680 1681 1712
f 1681 1713 1712
f 1712 1713 1744
f 1713 1745 1744
f 1744 1745 1776
f 1745 1777 1776
f 1776 1777 1808
f 1777 1809 1808
f 1808 1809 1840
f 1809 1841 1840
f 1840 1841 1872
f 1841 1873 1872
f 1872 1873 1904
f 1873 1905 1904
f 1904 1905 1936
f 1905 1937 1936
f 1936 1937 1968
f 1937 1969 1968
f 1968 1969 2000
f 1969 2001 2000
f 2000 2001 2032
f 2001 2033 2032
f 2032 2033 2064
f 2033 2065 2064
f 2064 2065 2096
f 2065 2097 2096
f 2096 2097 2128
f 2097 2129 2128
f 2128 2129 2160
f 2129 2161 2160
f 2160 2161 2184
f 1639 1650 1649
f 1649 1650 1681
f 1650 1682 1681
f 1681 1682 1713
f 1682 1714 1713
f 1713 1714 1745
f 1714 1746 1745
f 1745 1746 1777
f 1746 1778 1777
f 1777 1778 1809
f 1778 1810 1809
f 1809 1810 1841
f 1810 1842 1841
f 1841 1842 1873
f 1842 1874 1873
f 1873 1874 1905
f 1874 1906 1905
f 1905 1906 1937
f 1906 1938 1937
f 1937 1938 1969
f 1938 1970 1969
f 1969 1970 2001
f 1970 2002 2001
f 2001 2002 2033
f 2002 2034 2033
f 2033 2034 2065
f 2034 2066 2065
f 2065 2066 2097
f 2066 2098 2097
f 2097 2098 2129
f 2098 2130 2129
f 2129 2130 2161
f 2130 2162 2161
f 2161 2162 2184
f 1639 1651 1650
f 1650 1651 1682
f 1651 1683 1682
f 1682 1683 1714
f 1683 1715 1714
f 1714 1715 1746
f 1715 1747 1746
f 1746 1747 1778
f 1747 1779 1778
f 1778 1779 1810
f 1779 1811 1810
f 1810 1811 1842
f 1811 1843 1842
f 1842 1843 1874
f 1843 1875 1874
f 1874 1875 1906
f 1875 1907 1906
f 1906 1907 1938
f 1907 1939 1938
f 1938 1939 1970
f 1939 1971 1970
f 1970 1971 2002
f 1971 2003 2002
f 2002 2003 2034
f 2003 2035 2034
f 2034 2035 2066
f 2035 2067 2066
f 2066 2067 2098
f 2067 2099 2098
f 2098 2099 2130
f 2099 2131 2130
f 2130 2131 2162
f 2131 2163 2162
f 2162 2163 2184
f 1639 1652 1651
f 1651 1652 1683
f 1652 1684 1683
f 1683 1684 1715
f 1684 1716 1715
f 1715 1716 1747
f 1716 1748 1747
f 1747 1748 1779
f 1748 1780 1779
f 1779 1780 1811
f 1780 1812 1811
f 1811 1812 1843
f 1812 1844 1843
f 1843 1844 1875
f 1844 1876 1875
f 1875 1876 1907
f 1876 1908 1907
f 1907 1908 1939
f 1908 1940 1939
f 1939 1940 1971
f 1940 1972 1971
f 1971 1972 2003
f 1972 2004 2003
f 2003 2004 2035
f 2004 2036 2035
f 2035 2036 2067
f 2036 2068 2067
f 2067 2068 2099
f 2068 2100 2099
f 2099 2100 2131
f 2100 2132 2131
f 2131 2132 2163
f 2132 2164 2163
f 2163 2164 2184
f 1639 1653 1652
f 1652 1653 1684
f 1653 1685 1684
f 1684 1685 1716
f 1685 1717 1716
f 1716 1717 1748
f 1717 1749 1748
f 1748 1749 1780
f 1749 1781 1780
f 1780 1781 1812
f 1781 1813 1812
f 1812 1813 1844
f 1813 1845 1844
f 1844 1845 1876
f 1845 1877 1876
f 1876 1877 1908
f 1877 1909 1908
f 1908 1909 1940
f 1909 1941 1940
f 1940 1941 1972
f 1941 1973 1972
f 1972 1973 2004
f 1973 2005 2004
f 2004 2005 2036
f 2005 2037 2036
f 2036 2037 2068
f 2037 2069 2068
f 2068 2069 2100
f 2069 2101 2100
f 2100 2101 2132
f 2101 2133 2132
f 2132 2133 2164
f 2133 2165 2164
f 2164 2165 2184
f 1639 1654 1653
f 1653 1654 1685
f 1654 1686 1685
f 1685 1686 1717
f 1686 1718 1717
f 1717 1718 1749
f 1718 1750 1749
f 1749 1750 1781
f 1750 1782 1781
f 1781 1782 1813
f 1782 1814 1813
f 1813 1814 1845
f 1814 1846 1845
f 1845 1846 1877
f 1846 1878 1877
f 1877 1878 1909
f 1878 1910 1909
f 1909 1910 1941
f 1910 1942 1941
f 1941 1942 1973
f 1942 1974 1973
f 1973 1974 2005
f 1974 2006 2005
f 2005 2006 2037
f 2006 2038 2037
f 2037 2038 2069
f 2038 2070 2069
f 2069 2070 2101
f 2070 2102 2101
f 2101 2102 2133
f 2102 2134 2133
f 2133 2134 2165
f 2134 2166 2165
f 2165 2166 2184
f 1639 1655 1654
f 1654 1655 1686
f 1655 1687 1686
f 1686 1687 1718
f 1687 1719 1718
f 1718 1719 1750
f 1719 1751 1750
f 1750 1751 1782
f 1751 1783 1782
f 1782 1783 1814
f 1783 1815 1814
f 1814 1815 1846
f 1815 1847 1846
f 1846 1847 1878
f 1847 1879 1878
f 1878 1879 1910
f 1879 1911 1910
f 1910 1911 1942
f 1911 1943 1942
f 1942 1943 1974
f 1943 1975 1974
f 1974 1975 2006
f 1975 2007 2006
f 2006 2007 2038
f 2007 2039 2038
f 2038 2039 2070
f 2039 2071 2070
f 2070 2071 2102
f 2071 2103 2102
f 2102 2103 2134
f 2103 2135 2134
f 2134 2135 2166
f 2135 2167 2166
f 2166 2167 2184
f 1639 1656 1655
f 1655 1656 1687
f 1656 1688 1687
f 1687 1688 1719
f 1688 1720 1719
f 1719 1720 1751
f 1720 1752 1751
f 1751 1752 1783
f 1752 1784 1783
f 1783 1784 1815
f 1784 1816 1815
f 1815 1816 1847
f 1816 1848 1847
f 1847 1848 1879
f 1848 1880 1879
f 1879 1880 1911
f 1880 1912 1911
f 1911 1912 1943
f 1912 1944 1943
f 1943 1944 1975
f 1944 1976 1975
f 1975 1976 2007
f 1976 2008 2007
f 2007 2008 2039
f 2008 2040 2039
f 2039 2040 2071
f 2040 2072 2071
f 2071 2072 2103
f 2072 2104 2103
f 2103 2104 2135
f 2104 2136 2135
f 2135 2136 2167
f 2136 2168 2167
f 2167 2168 2184
f 1639 1657 1656
f 1656 1657 1688
f 1657 1689 1688
f 1688 1689 1720
f 1689 1721 1720
f 1720 1721 1752
f 1721 1753 1752
f 1752 1753 1784
f 1753 1785 1784
f 1784 1785 1816
f 1785 1817 1816
f 1816 1817 1848
f 1817 1849 1848
f 1848 1849 1880
f 1849 1881 1880
f 1880 1881 1912
f 1881 1913 1912
f 1912 1913 1944
f 1913 1945 1944
f 1944 1945 1976
f 1945 1977 1976
f 1976 1977 2008
f 1977 2009 2008
f 2008 2009 2040
f 2009 2041 2040
f 2040 2041 2072
f 2041 2073 2072
f 2072 2073 2104
f 2073 2105 2104
f 2104 2105 2136
f 2105 2137 2136
f 2136 2137 2168
f 2137 2169 2168
f 2168 2169 2184
f 1639 1658 1657
f 1657 1658 1689
f 1658 1690 1689
f 1689 1690 1721
f 1690 1722 1721
f 1721 1722 1753
f 1722 1754 1753
f 1753 1754 1785
f 1754 1786 1785
f 1785 1786 1817
f 1786 1818 1817
f 1817 1818 1849
f 1818 1850 1849
f 1849 1850 1881
f 1850 1882 1881
f 1881 1882 1913
f 1882 1914 1913
f 1913 1914 1945
f 1914 1946 1945
f 1945 1946 1977
f 1946 1978 1977
f 1977 1978 2009
f 1978 2010 2009
f 2009 2010 2041
f 2010 2042 2041
f 2041 2042 2073
f 2042 2074 2073
f 2073 2074 2105
f 2074 2106 2105
f 2105 2106 2137
f 2106 2138 2137
f 2137 2138 2169
f 2138 2170 2169
f 2169 2170 2184
f 1639 1659 1658
f 1658 1659 1690
f 1659 1691 1690
f 1690 1691 1722
f 1691 1723 1722
f 1722 1723 1754
f 1723 1755 1754
f 1754 1755 1786
f 1755 1787 1786
f 1786 1787 1818
f 1787 1819 1818
f 1818 1819 1850
f 1819 1851 1850
f 1850 1851 1882
f 1851 1883 1882
f 1882 1883 1914
f 1883 1915 1914
f 1914 1915 1946
f 1915 1947 1946
f 1946 1947 1978
f 1947 1979 1978
f 1978 1979 2010
f 1979 2011 2010
f 2010 2011 2042
f 2011 2043 2042
f 2042 2043 2074
f 2043 2075 2074
f 2074 2075 2106
f 2075 2107 2106
f 2106 2107 2138
f 2107 2139 2138
f 2138 2139 2170
f 2139 2171 2170
f 2170 2171 2184
f 1639 1660 1659
f 1659 1660 1691
f 1660 1692 1691
f 1691 1692 1723
f 1692 1724 1723
f 1723 1724 1755
f 1724 1756 1755
f 1755 1756 1787
f 1756 1788 1787
f 1787 1788 1819
f 1788 1820 1819
f 1819 1820 1851
f 1820 1852 1851
f 1851 1852 1883
f 1852 1884 1883
f 1883 1884 1915
f 1884 1916 1915
f 1915 1916 1947
f 1916 1948 1947
f 1947 1948 1979
f 1948 1980 1979
f 1979 1980 2011
f 1980 2012 2011
f 2011 2012 2043
f 2012 2044 2043
f 2043 2044 2075
f 2044 2076 2075
f 2075 2076 2107
f 2076 2108 2107
f 2107 2108 2139
f 2108 2140 2139
f 2139 2140 2171
f 2140 2172 2171
f 2171 2172 2184
f 1639 1661 1660
f 1660 1661 1692
f 1661 1693 1692
f 1692 1693 1724
f 1693 1725 1724
f 1724 1725 1756
f 1725 1757 1756
f 1756 1757 1788
f 1757 1789 1788
f 1788 1789 1820
f 1789 1821 1820
f 1820 1821 1852
f 1821 1853 1852
f 1852 1853 1884
f 1853 1885 1884
f 1884 1885 1916
f 1885 1917 1916
f 1916 1917 1948
f 1917 1949 1948
f 1948 1949 1980
f 1949 1981 1980
f 1980 1981 2012
f 1981 2013 2012
f 2012 2013 2044
f 2013 2045 2044
f 2044 2045 2076
f 2045 2077 2076
f 2076 2077 2108
f 2077 2109 2108
f 2108 2109 2140
f 2109 2141 2140
f 2140 2141 2172
f 2141 2173 2172
f 2172 2173 2184
f 1639 1662 1661
f 1661 1662 1693
f 1662 1694 1693
f 1693 1694 1725
f 1694 1726 1725
f 1725 1726 1757
f 1726 1758 1757
f 1757 1758 1789
f 1758 1790 1789
f 1789 1790 1821
f 1790 1822 1821
f 1821 1822 1853
f 1822 1854 1853
f 1853 1854 1885
f 1854 1886 1885
f 1885 1886 1917
f 1886 1918 1917
f 1917 1918 1949
f 1918 1950 1949
f 1949 1950 1981
f 1950 1982 1981
f 1981 1982 2013
f 1982 2014 2013
f 2013 2014 2045
f 2014 2046 2045
f 2045 2046 2077
f 2046 2078 2077
f 2077 2078 2109
f 2078 2110 2109
f 2109 2110 2141
f 2110 2142 2141
f 2141 2142 2173
f 2142 2174 2173
f 2173 2174 2184
f 1639 1663 1662
f 1662 1663 1694
f 1663 1695 1694
f 1694 1695 1726
f 1695 1727 1726
f 1726 1727 1758
f 1727 1759 1758
f 1758 1759 1790
f 1759 1791 1790
f 1790 1791 1822
f 1791 1823 1822
f 1822 1823 1854
f 1823 1855 1854
f 1854 1855 1886
f 1855 1887 1886
f 1886 1887 1918
f 1887 1919 1918
f 1918 1919 1950
f 1919 1951 1950
f 1950 1951 1982
f 1951 1983 1982
f 1982 1983 2014
f 1983 2015 2014
f 2014 2015 2046
f 2015 2047 2046
f 2046 2047 2078
f 2047 2079 2078
f 2078 2079 2110
f 2079 2111 2110
f 2110 2111 2142
f 2111 2143 2142
f 2142 2143 2174
f 2143 2175 2174
f 2174 2175 2184
f 1639 1664 1663
f 1663 1664 1695
f 1664 1696 1695
f 1695 1696 1727
f 1696 1728 1727
f 1727 1728 1759
f 1728 1760 1759
f 1759 1760 1791
f 1760 1792 1791
f 1791 1792 1823
f 1792 1824 1823
f 1823 1824 1855
f 1824 1856 1855
f 1855 1856 1887
f 1856 1888 1887
f 1887 1888 1919
f 1888 1920 1919
f 1919 1920 1951
f 1920 1952 1951
f 1951 1952 1983
f 1952 1984 1983
f 1983 1984 2015
f 1984 2016 2015
f 2015 2016 2047
f 2016 2048 2047
f 2047 2048 2079
f 2048 2080 2079
f 2079 2080 2111
f 2080 2112 2111
f 2111 2112 2143
f 2112 2144 2143
f 2143 2144 2175
f 2144 2176 2175
f 2175 2176 2184
f 1639 1665 1664
f 1664 1665 1696
f 1665 1697 1696
f 1696 1697 1728
f 1697 1729 1728
f 1728 1729 1760
f 1729 1761 1760
f 1760 1761 1792
f 1761 1793 1792
f 1792 1793 1824
f 1793 1825 1824
f 1824 1825 1856
f 1825 1857 1856
f 1856 1857 1888
f 1857 1889 1888
f 1888 1889 1920
f 1889 1921 1920
f 1920 1921 1952
f 1921 1953 1952
f 1952 1953 1984
f 1953 1985 1984
f 1984 1985 2016
f 1985 2017 2016
f 2016 2017 2048
f 2017 2049 2048
f 2048 2049 2080
f 2049 2081 2080
f 2080 2081 2112
f 2081 2113 2112
f 2112 2113 2144
f 2113 2145 2144
f 2144 2145 2176
f 2145 2177 2176
f 2176 2177 2184
f 1639 1666 1665
f 1665 1666 1697
f 1666 1698 1697
f 1697 1698 1729
f 1698 1730 1729
f 1729 1730 1761
f 1730 1762 1761
f 1761 1762 1793
f 1762 1794 1793
f 1793 1794 1825
f 1794 1826 1825
f 1825 1826 1857
f 1826 1858 1857
f 1857 1858 1889
f 1858 1890 1889
f 1889 1890 1921
f 1890 1922 1921
f 1921 1922 1953
f 1922 1954 1953
f 1953 1954 1985
f 1954 1986 1985
f 1985 1986 2017
f 1986 2018 2017
f 2017 2018 2049
f 2018 2050 2049
f 2049 2050 2081
f 2050 2082 2081
f 2081 2082 2113
f 2082 2114 2113
f 2113 2114 2145
f 2114 2146 2145
f 2145 2146 2177
f 2146 2178 2177
f 2177 2178 2184
f 1639 1667 1666
f 1666 1667 1698
f 1667 1699 1698
f 1698 1699 1730
f 1699 1731 1730
f 1730 1731 1762
f 1731 1763 1762
f 1762 1763 1794
f 1763 1795 1794
f 1794 1795 1826
f 1795 1827 1826
f 1826 1827 1858
f 1827 1859 1858
f 1858 1859 1890
f 1859 1891 1890
f 1890 1891 1922
f 1891 1923 1922
f 1922 1923 1954
f 1923 1955 1954
f 1954 1955 1986
f 1955 1987 1986
f 1986 1987 2018
f 1987 2019 2018
f 2018 2019 2050
f 2019 2051 2050
f 2050 2051 2082
f 2051 2083 2082
f 2082 2083 2114
f 2083 2115 2114
f 2114 2115 2146
f 2115 2147 2146
f 2146 2147 2178
f 2147 2179 2178
f 2178 2179 2184
f 1639 1668 1667
f 1667 1668 1699
f 1668 1700 1699
f 1699 1700 1731
f 1700 1732 1731
f 1731 1732 1763
f 1732 1764 1763
f 1763 1764 1795
f 1764 1796 1795
f 1795 1796 1827
f 1796 1828 1827
f 1827 1828 1859
f 1828 1860 1859
f 1859 1860 1891
f 1860 1892 1891
f 1891 1892 1923
f 1892 1924 1923
f 1923 1924 1955
f 1924 1956 1955
f 1955 1956 1987
f 1956 1988 1987
f 1987 1988 2019
f 1988 2020 2019
f 2019 2020 2051
f 2020 2052 2051
f 2051 2052 2083
f 2052 2084 2083
f 2083 2084 2115
f 2084 2116 2115
f 2115 2116 2147
f 2116 2148 2147
f 2147 2148 2179
f 2148 2180 2179
f 2179 2180 2184
f 1639 1669 1668
f 1668 1669 1700
f 1669 1701 1700
f 1700 1701 1732
f 1701 1733 1732
f 1732 1733 1764
f 1733 1765 1764
f 1764 1765 1796
f 1765 1797 1796
f 1796 1797 1828
f 1797 1829 1828
f 1828 1829 1860
f 1829 1861 1860
f 1860 1861 1892
f 1861 1893 1892
f 1892 1893 1924
f 1893 1925 1924
f 1924 1925 1956
f 1925 1957 1956
f 1956 1957 1988
f 1957 1989 1988
f 1988 1989 2020
f 1989 2021 2020
f 2020 2021 2052
f 2021 2053 2052
f 2052 2053 2084
f 2053 2085 2084
f 2084 2085 2116
f 2085 2117 2116
f 2116 2117 2148
f 2117 2149 2148
f 2148 2149 2180
f 2149 2181 2180
f 2180 2181 2184
f 1639 1670 1669
f 1669 1670 1701
f 1670 1702 1701
f 1701 1702 1733
f 1702 1734 1733
f 1733 1734 1765
f 1734 1766 1765
f 1765 1766 1797
f 1766 1798 1797
f 1797 1798 1829
f 1798 1830 1829
f 1829 1830 1861
f 1830 1862 1861
f 1861 1862 1893
f 1862 1894 1893
f 1893 1894 1925
f 1894 1926 1925
f 1925 1926 1957
f 1926 1958 1957
f 1957 1958 1989
f 1958 1990 1989
f 1989 1990 2021
f 1990 2022 2021
f 2021 2022 2053
f 2022 2054 2053
f 2053 2054 2085
f 2054 2086 2085
f 2085 2086 2117
f 2086 2118 2117
f 2117 2118 2149
f 2118 2150 2149
f 2149 2150 2181
f 2150 2182 2181
f 2181 2182 2184
f 1639 1671 1670
f 1670 1671 1702
f 1671 1703 1702
f 1702 1703 1734
f 1703 1735 1734
f 1734 1735 1766
f 1735 1767 1766
f 1766 1767 1798
f 1767 1799 1798
f 1798 1799 1830
f 1799 1831 1830
f 1830 1831 1862
f 1831 1863 1862
f 1862 1863 1894
f 1863 1895 1894
f 1894 1895 1926
f 1895 1927 1926
f 1926 1927 1958
f 1927 1959 1958
f 1958 1959 1990
f 1959 1991 1990
f 1990 1991 2022
f 1991 2023 2022
f 2022 2023 2054
f 2023 2055 2054
f 2054 2055 2086
f 2055 2087 2086
f 2086 2087 2118
f 2087 2119 2118
f 2118 2119 2150
f 2119 2151 2150
f 2150 2151 2182
f 2151 2183 2182
f 2182 2183 2184
f 1639 1640 1671
f 1671 1640 1703
f 1640 1672 1703
f 1703 1672 1735
f 1672 1704 1735
f 1735 1704 1767
f 1704 1736 1767
f 1767 1736 1799
f 1736 1768 1799
f 1799 1768 1831
f 1768 1800 1831
f 1831 1800 1863
f 1800 1832 1863
f 1863 1832 1895
f 1832 1864 1895
f 1895 1864 1927
f 1864 1896 1927
f 1927 1896 1959
f 1896 1928 1959
f 1959 1928 1991
f 1928 1960 1991
f 1991 1960 2023
f 1960 1992 2023
f 2023 1992 2055
f 1992 2024 2055
f 2055 2024 2087
f 2024 2056 2087
f 2087 2056 2119
f 2056 2088 2119
f 2119 2088 2151
f 2088 2120 2151
f 2151 2120 2183
f 2120 2152 2183
f 2183 2152 2184
usemtl white
f 2185 2187 2186
f 2186 2187 2202
f 2187 2203 2202
f 2202 2203 2218
f 2203 2219 2218
f 2218 2219 2234
f 2219 2235 2234
f 2234 2235 2250
f 2235 2251 2250
f 2250 2251 2266
f 2251 2267 2266
f 2266 2267 2282
f 2267 2283 2282
f 2282 2283 2298
f 2283 2299 2298
f 2298 2299 2314
f 2299 2315 2314
f 2314 2315 2330
f 2185 2188 2187
f 2187 2188 2203
f 2188 2204 2203
f 2203 2204 2219
f 2204 2220 2219
f 2219 2220 2235
f 2220 2236 2235
f 2235 2236 2251
f 2236 2252 2251
f 2251 2252 2267
f 2252 2268 2267
f 2267 2268 2283
f 2268 2284 2283
f 2283 2284 2299
f 2284 2300 2299
f 2299 2300 2315
f 2300 2316 2315
f 2315 2316 2330
f 2185 2189 2188
f 2188 2189 2204
f 2189 2205 2204
f 2204 2205 2220
f 2205 2221 2220
f 2220 2221 2236
f 2221 2237 2236
f 2236 2237 2252
f 2237 2253 2252
f 2252 2253 2268
f 2253 2269 2268
f 2268 2269 2284
f 2269 2285 2284
f 2284 2285 2300
f 2285 2301 2300
f 2300 2301 2316
f 2301 2317 2316
f 2316 2317 2330
f 2185 2190 2189
f 2189 2190 2205
f 2190 2206 2205
f 2205 2206 2221
f 2206 2222 2221
f 2221 2222 2237
f 2222 2238 2237
f 2237 2238 2253
f 2238 2254 2253
f 2253 2254 2269
f 2254 2270 2269
f 2269 2270 2285
f 2270 2286 2285
f 2285 2286 2301
f 2286 2302 2301
f 2301 2302 2317
f 2302 2318 2317
f 2317 2318 2330
f 2185 2191 2190
f 2190 2191 2206
f 2191 2207 2206
f 2206 2207 2222
f 2207 2223 2222
f 2222 2223 2238
f 2223 2239 2238
f 2238 2239 2254
f 2239 2255 2254
f 2254 2255 2270
f 2255 2271 2270
f 2270 2271 2286
f 2271 2287 2286
f 2286 2287 2302
f 2287 2303 2302
f 2302 2303 2318
f 2303 2319 2318
f 2318 2319 2330
f 2185 2192 2191
f 2191 2192 2207
f 2192 2208 2207
f 2207 2208 2223
f 2208 2224 2223
f 2223 2224 2239
f 2224 2240 2239
f 2239 2240 2255
f 2240 2256 2255
f 2255 2256 2271
f 2256 2272 2271
f 2271 2272 2287
f 2272 2288 2287
f 2287 2288 2303
f 2288 2304 2303
f 2303 2304 2319
f 2304 2320 2319
f 2319 2320 2330
f 2185 2193 2192
f 2192 2193 2208
f 2193 2209 2208
f 2208 2209 2224
f 2209 2225 2224
f 2224 2225 2240
f 2225 2241 2240
f 2240 2241 2256
f 2241 2257 2256
f 2256 2257 2272
f 2257 2273 2272
f 2272 2273 2288
f 2273 2289 2288
f 2288 2289 2304
f 2289 2305 2304
f 2304 2305 2320
f 2305 2321 2320
f 2320 2321 2330
f 2185 2194 2193
f 2193 2194 2209
f 2194 2210 2209
f 2209 2210 2225
f 2210 2226 2225
f 2225 2226 2241
f 2226 2242 2241
f 2241 2242 2257
f 2242 2258 2257
f 2257 2258 2273
f 2258 2274 2273
f 2273 2274 2289
f 2274 2290 2289
f 2289 2290 2305
f 2290 2306 2305
f 2305 2306 2321
f 2306 2322 2321
f 2321 2322 2330
f 2185 2195 2194
f 2194 2195 2210
f 2195 2211 2210
f 2210 2211 2226
f 2211 2227 2226
f 2226 2227 2242
f 2227 2243 2242
f 2242 2243 2258
f 2243 2259 2258
f 2258 2259 2274
f 2259 2275 2274
f 2274 2275 2290
f 2275 2291 2290
f 2290 2291 2306
f 2291 2307 2306
f 2306 2307 2322
f 2307 2323 2322
f 2322 2323 2330
f 2185 2196 2195
f 2195 2196 2211
f 2196 2212 2211
f 2211 2212 2227
f 2212 2228 2227
f 2227 2228 2243
f 2228 2244 2243
f 2243 2244 2259
f 2244 2260 2259
f 2259 2260 2275
f 2260 2276 2275
f 2275 2276 2291
f 2276 2292 2291
f 2291 2292 2307
f 2292 2308 2307
f 2307 2308 2323
f 2308 2324 2323
f 2323 2324 2330
f 2185 2197 2196
f 2196 2197 2212
f 2197 2213 2212
f 2212 2213 2228
f 2213 2229 2228
f 2228 2229 2244
f 2229 2245 2244
f 2244 2245 2260
f 2245 2261 2260
f 2260 2261 2276
f 2261 2277 2276
f 2276 2277 2292
f 2277 2293 2292
f 2292 2293 2308
f 2293 2309 2308
f 2308 2309 2324
f 2309 2325 2324
f 2324 2325 2330
f 2185 2198 2197
f 2197 2198 2213
f 2198 2214 2213
f 2213 2214 2229
f 2214 2230 2229
f 2229 2230 2245
f 2230 2246 2245
f 2245 2246 2261
f 2246 2262 2261
f 2261 2262 2277
f 2262 2278 2277
f 2277 2278 2293
f 2278 2294 2293
f 2293 2294 2309
f 2294 2310 2309
f 2309 2310 2325
f 2310 2326 2325
f 2325 2326 2330
f 2185 2199 2198
f 2198 2199 2214
f 2199 2215 2214
f 2214 2215 2230
f 2215 2231 2230
f 2230 2231 2246
f 2231 2247 2246
f 2246 2247 2262
f 2247 2263 2262
f 2262 2263 2278
f 2263 2279 2278
f 2278 2279 2294
f 2279 2295 2294
f 2294 2295 2310
f 2295 2311 2310
f 2310 2311 2326
f 2311 2327 2326
f 2326 2327 2330
f 2185 2200 2199
f 2199 2200 2215
f 2200 2216 2215
f 2215 2216 2231
f 2216 2232 2231
f 2231 2232 2247
f 2232 2248 2247
f 2247 2248 2263
f 2248 2264 2263
f 2263 2264 2279
f 2264 2280 2279
f 2279 2280 2295
f 2280 2296 2295
f 2295 2296 2311
f 2296 2312 2311
f 2311 2312 2327
f 2312 2328 2327
f 2327 2328 2330
f 2185 2201 2200
f 2200 2201 2216
f 2201 2217 2216
f 2216 2217 2232
f 2217 2233 2232
f 2232 2233 2248
f 2233 2249 2248
f 2248 2249 2264
f 2249 2265 2264
f 2264 2265 2280
f 2265 2281 2280
f 2280 2281 2296
f 2281 2297 2296
f 2296 2297 2312
f 2297 2313 2312
f 2312 2313 2328
f 2313 2329 2328
f 2328 2329 2330
f 2185 2186 2201
f 2201 2186 2217
f 2186 2202 2217
f 2217 2202 2233
f 2202 2218 2233
f 2233 2218 2249
f 2218 2234 2249
f 2249 2234 2265
f 2234 2250 2265
f 2265 2250 2281
f 2250 2266 2281
f 2281 2266 2297
f 2266 2282 2297
f 2297 2282 2313
f 2282 2298 2313
f 2313 2298 2329
f 2298 2314 2329
f 2329 2314 2330
usemtl pink
f 2331 2333 2332
f 2332 2333 2352
f 2333 2353 2352
f 2352 2353 2372
f 2353 2373 2372
f 2372 2373 2392
f 2373 2393 2392
f 2392 2393 2412
f 2393 2413 2412
f 2412 2413 2432
f 2413 2433 2432
f 2432 2433 2452
f 2433 2453 2452
f 2452 2453 2472
f 2453 2473 2472
f 2472 2473 2492
f 2473 2493 2492
f 2492 2493 2512
f 2493 2513 2512
f 2512 2513 2532
f 2513 2533 2532
f 2532 2533 2552
f 2331 2334 2333
f 2333 2334 2353
f 2334 2354 2353
f 2353 2354 2373
f 2354 2374 2373
f 2373 2374 2393
f 2374 2394 2393
f 2393 2394 2413
f 2394 2414 2413
f 2413 2414 2433
f 2414 2434 2433
f 2433 2434 2453
f 2434 2454 2453
f 2453 2454 2473
f 2454 2474 2473
f 2473 2474 2493
f 2474 2494 2493
f 2493 2494 2513
f 2494 2514 2513
f 2513 2514 2533
f 2514 2534 2533
f 2533 2534 2552
f 2331 2335 2334
f 2334 2335 2354
f 2335 2355 2354
f 2354 2355 2374
f 2355 2375 2374
f 2374 2375 2394
f 2375 2395 2394
f 2394 2395 2414
f 2395 2415 2414
f 2414 2415 2434
f 2415 2435 2434
f 2434 2435 2454
f 2435 2455 2454
f 2454 2455 2474
f 2455 2475 2474
f 2474 2475 2494
f 2475 2495 2494
f 2494 2495 2514
f 2495 2515 2514
f 2514 2515 2534
f 2515 2535 2534
f 2534 2535 2552
f 2331 2336 2335
f 2335 2336 2355
f 2336 2356 2355
f 2355 2356 2375
f 2356 2376 2375
f 2375 2376 2395
f 2376 2396 2395
f 2395 2396 2415
f 2396 2416 2415
f 2415 2416 2435
f 2416 2436 2435
f 2435 2436 2455
f 2436 2456 2455
f 2455 2456 2475
f 2456 2476 2475
f 2475 2476 2495
f 2476 2496 2495
f 2495 2496 2515
f 2496 2516 2515
f 2515 2516 2535
f 2516 2536 2535
f 2535 2536 2552
f 2331 2337 2336
f 2336 2337 2356
f 2337 2357 2356
f 2356 2357 2376
f 2357 2377 2376
f 2376 2377 2396
f 2377 2397 2396
f 2396 2397 2416
f 2397 2417 2416
f 2416 2417 2436
f 2417 2437 2436
f 2436 2437 2456
f 2437 2457 2456
f 2456 2457 2476
f 2457 2477 2476
f 2476 2477 2496
f 2477 2497 2496
f 2496 2497 2516
f 2497 2517 2516
f 2516 2517 2536
f 2517 2537 2536
f 2536 2537 2552
f 2331 2338 2337
f 2337 2338 2357
f 2338 2358 2357
f 2357 2358 2377
f 2358 2378 2377
f 2377 2378 2397
f 2378 2398 2397
f 2397 2398 2417
f 2398 2418 2417
f 2417 2418 2437
f 2418 2438 2437
f 2437 2438 2457
f 2438 2458 2457
f 2457 2458 2477
f 2458 2478 2477
f 2477 2478 2497
f 2478 2498 2497
f 2497 2498 2517
f 2498 2518 2517
f 2517 2518 2537
f 2518 2538 2537
f 2537 2538 2552
f 2331 2339 2338
f 2338 2339 2358
f 2339 2359 2358
f 2358 2359 2378
f 2359 2379 2378
f 2378 2379 2398
f 2379 2399 2398
f 2398 2399 2418
f 2399 2419 2418
f 2418 2419 2438
f 2419 2439 2438
f 2438 2439 2458
f 2439 2459 2458
f 2458 2459 2478
f 2459 2479 2478
f 2478 2479 2498
f 2479 2499 2498
f 2498 2499 2518
f 2499 2519 2518
f 2518 2519 2538
f 2519 2539 2538
f 2538 2539 2552
f 2331 2340 2339
f 2339 2340 2359
f 2340 2360 2359
f 2359 2360 2379
f 2360 2380 2379
f 2379 2380 2399
f 2380 2400 2399
f 2399 2400 2419
f 2400 2420 2419
f 2419 2420 2439
f 2420 2440 2439
f 2439 2440 2459
f 2440 2460 2459
f 2459 2460 2479
f 2460 2480 2479
f 2479 2480 2499
f 2480 2500 2499
f 2499 2500 2519
f 2500 2520 2519
f 2519 2520 2539
f 2520 2540 2539
f 2539 2540 2552
f 2331 2341 2340
f 2340 2341 2360
f 2341 2361 2360
f 2360 2361 2380
f 2361 2381 2380
f 2380 2381 2400
f 2381 2401 2400
f 2400 2401 2420
f 2401 2421 2420
f 2420 2421 2440
f 2421 2441 2440
f 2440 2441 2460
f 2441 2461 2460
f 2460 2461 2480
f 2461 2481 2480
f 2480 2481 2500
f 2481 2501 2500
f 2500 2501 2520
f 2501 2521 2520
f 2520 2521 2540
f 2521 2541 2540
f 2540 2541 2552
f 2331 2342 2341
f 2341 2342 2361
f 2342 2362 2361
f 2361 2362 2381
f 2362 2382 2381
f 2381 2382 2401
f 2382 2402 2401
f 2401 2402 2421
f 2402 2422 2421
f 2421 2422 2441
f 2422 2442 2441
f 2441 2442 2461
f 2442 2462 2461
f 2461 2462 2481
f 2462 2482 2481
f 2481 2482 2501
f 2482 2502 2501
f 2501 2502 2521
f 2502 2522 2521
f 2521 2522 2541
f 2522 2542 2541
f 2541 2542 2552
f 2331 2343 2342
f 2342 2343 2362
f 2343 2363 2362
f 2362 2363 2382
f 2363 2383 2382
f 2382 2383 2402
f 2383 2403 2402
f 2402 2403 2422
f 2403 2423 2422
f 2422 2423 2442
f 2423 2443 2442
f 2442 2443 2462
f 2443 2463 2462
f 2462 2463 2482
f 2463 2483 2482
f 2482 2483 2502
f 2483 2503 2502
f 2502 2503 2522
f 2503 2523 2522
f 2522 2523 2542
f 2523 2543 2542
f 2542 2543 2552
f 2331 2344 2343
f 2343 2344 2363
f 2344 2364 2363
f 2363 2364 2383
f 2364 2384 2383
f 2383 2384 2403
f 2384 2404 2403
f 2403 2404 2423
f 2404 2424 2423
f 2423 2424 2443
f 2424 2444 2443
f 2443 2444 2463
f 2444 2464 2463
f 2463 2464 2483
f 2464 2484 2483
f 2483 2484 2503
f 2484 2504 2503
f 2503 2504 2523
f 2504 2524 2523
f 2523 2524 2543
f 2524 2544 2543
f 2543 2544 2552
f 2331 2345 2344
f 2344 2345 2364
f 2345 2365 2364
f 2364 2365 2384
f 2365 2385 2384
f 2384 2385 2404
f 2385 2405 2404
f 2404 2405 2424
f 2405 2425 2424
f 2424 2425 2444
f 2425 2445 2444
f 2444 2445 2464
f 2445 2465 2464
f 2464 2465 2484
f 2465 2485 2484
f 2484 2485 2504
f 2485 2505 2504
f 2504 2505 2524
f 2505 2525 2524
f 2524 2525 2544
f 2525 2545 2544
f 2544 2545 2552
f 2331 2346 2345
f 2345 2346 2365
f 2346 2366 2365
f 2365 2366 2385
f 2366 2386 2385
f 2385 2386 2405
f 2386 2406 2405
f 2405 2406 2425
f 2406 2426 2425
f 2425 2426 2445
f 2426 2446 2445
f 2445 2446 2465
f 2446 2466 2465
f 2465 2466 2485
f 2466 2486 2485
f 2485 2486 2505
f 2486 2506 2505
f 2505 2506 2525
f 2506 2526 2525
f 2525 2526 2545
f 2526 2546 2545
f 2545 2546 2552
f 2331 2347 2346
f 2346 2347 2366
f 2347 2367 2366
f 2366 2367 2386
f 2367 2387 2386
f 2386 2387 2406
f 2387 2407 2406
f 2406 2407 2426
f 2407 2427 2426
f 2426 2427 2446
f 2427 2447 2446
f 2446 2447 2466
f 2447 2467 2466
f 2466 2467 2486
f 2467 2487 2486
f 2486 2487 2506
f 2487 2507 2506
f 2506 2507 2526
f 2507 2527 2526
f 2526 2527 2546
f 2527 2547 2546
f 2546 2547 2552
f 2331 2348 2347
f 2347 2348 2367
f 2348 2368 2367
f 2367 2368 2387
f 2368 2388 2387
f 2387 2388 2407
f 2388 2408 2407
f 2407 2408 2427
f 2408 2428 2427
f 2427 2428 2447
f 2428 2448 2447
f 2447 2448 2467
f 2448 2468 2467
f 2467 2468 2487
f 2468 2488 2487
f 2487 2488 2507
f 2488 2508 2507
f 2507 2508 2527
f 2508 2528 2527
f 2527 2528 2547
f 2528 2548 2547
f 2547 2548 2552
f 2331 2349 2348
f 2348 2349 2368
f 2349 2369 2368
f 2368 2369 2388
f 2369 2389 2388
f 2388 2389 2408
f 2389 2409 2408
f 2408 2409 2428
f 2409 2429 2428
f 2428 2429 2448
f 2429 2449 2448
f 2448 2449 2468
f 2449 2469 2468
f 2468 2469 2488
f 2469 2489 2488
f 2488 2489 2508
f 2489 2509 2508
f 2508 2509 2528
f 2509 2529 2528
f 2528 2529 2548
f 2529 2549 2548
f 2548 2549 2552
f 2331 2350 2349
f 2349 2350 2369
f 2350 2370 2369
f 2369 2370 2389
f 2370 2390 2389
f 2389 2390 2409
f 2390 2410 2409
f 2409 2410 2429
f 2410 2430 2429
f 2429 2430 2449
f 2430 2450 2449
f 2449 2450 2469
f 2450 2470 2469
f 2469 2470 2489
f 2470 2490 2489
f 2489 2490 2509
f 2490 2510 2509
f 2509 2510 2529
f 2510 2530 2529
f 2529 2530 2549
f 2530 2550 2549
f 2549 2550 2552
f 2331 2351 2350
f 2350 2351 2370
f 2351 2371 2370
f 2370 2371 2390
f 2371 2391 2390
f 2390 2391 2410
f 2391 2411 2410
f 2410 2411 2430
f 2411 2431 2430
f 2430 2431 2450
f 2431 2451 2450
f 2450 2451 2470
f 2451 2471 2470
f 2470 2471 2490
f 2471 2491 2490
f 2490 2491 2510
f 2491 2511 2510
f 2510 2511 2530
f 2511 2531 2530
f 2530 2531 2550
f 2531 2551 2550
f 2550 2551 2552
f 2331 2332 2351
f 2351 2332 2371
f 2332 2352 2371
f 2371 2352 2391
f 2352 2372 2391
f 2391 2372 2411
f 2372 2392 2411
f 2411 2392 2431
f 2392 2412 2431
f 2431 2412 2451
f 2412 2432 2451
f 2451 2432 2471
f 2432 2452 2471
f 2471 2452 2491
f 2452 2472 2491
f 2491 2472 2511
f 2472 2492 2511
f 2511 2492 2531
f 2492 2512 2531
f 2531 2512 2551
f 2512 2532 2551
f 2551 2532 2552
usemtl dark
f 2553 2555 2554
f 2554 2555 2586
f 2555 2587 2586
f 2586 2587 2618
f 2587 2619 2618
f 2618 2619 2650
f 2619 2651 2650
f 2650 2651 2682
f 2651 2683 2682
f 2682 2683 2714
f 2683 2715 2714
f 2714 2715 2746
f 2715 2747 2746
f 2746 2747 2778
f 2747 2779 2778
f 2778 2779 2810
f 2779 2811 2810
f 2810 2811 2842
f 2811 2843 2842
f 2842 2843 2874
f 2843 2875 2874
f 2874 2875 2906
f 2875 2907 2906
f 2906 2907 2938
f 2907 2939 2938
f 2938 2939 2970
f 2939 2971 2970
f 2970 2971 3002
f 2971 3003 3002
f 3002 3003 3034
f 3003 3035 3034
f 3034 3035 3066
f 3035 3067 3066
f 3066 3067 3098
f 2553 2556 2555
f 2555 2556 2587
f 2556 2588 2587
f 2587 2588 2619
f 2588 2620 2619
f 2619 2620 2651
f 2620 2652 2651
f 2651 2652 2683
f 2652 2684 2683
f 2683 2684 2715
f 2684 2716 2715
f 2715 2716 2747
f 2716 2748 2747
f 2747 2748 2779
f 2748 2780 2779
f 2779 2780 2811
f 2780 2812 2811
f 2811 2812 2843
f 2812 2844 2843
f 2843 2844 2875
f 2844 2876 2875
f 2875 2876 2907
f 2876 2908 2907
f 2907 2908 2939
f 2908 2940 2939
f 2939 2940 2971
f 2940 2972 2971
f 2971 2972 3003
f 2972 3004 3003
f 3003 3004 3035
f 3004 3036 3035
f 3035 3036 3067
f 3036 3068 3067
f 3067 3068 3098
f 2553 2557 2556
f 2556 2557 2588
f 2557 2589 2588
f 2588 2589 2620
f 2589 2621 2620
f 2620 2621 2652
f 2621 2653 2652
f 2652 2653 2684
f 2653 2685 2684
f 2684 2685 2716
f 2685 2717 2716
f 2716 2717 2748
f 2717 2749 2748
f 2748 2749 2780
f 2749 2781 2780
f 2780 2781 2812
f 2781 2813 2812
f 2812 2813 2844
f 2813 2845 2844
f 2844 2845 2876
f 2845 2877 2876
f 2876 2877 2908
f 2877 2909 2908
f 2908 2909 2940
f 2909 2941 2940
f 2940 2941 2972
f 2941 2973 2972
f 2972 2973 3004
f 2973 3005 3004
f 3004 3005 3036
f 3005 3037 3036
f 3036 3037 3068
f 3037 3069 3068
f 3068 3069 3098
f 2553 2558 2557
f 2557 2558 2589
f 2558 2590 2589
f 2589 2590 2621
f 2590 2622 2621
f 2621 2622 2653
f 2622 2654 2653
f 2653 2654 2685
f 2654 2686 2685
f 2685 2686 2717
f 2686 2718 2717
f 2717 2718 2749
f 2718 2750 2749
f 2749 2750 2781
f 2750 2782 2781
f 2781 2782 2813
f 2782 2814 2813
f 2813 2814 2845
f 2814 2846 2845
f 2845 2846 2877
f 2846 2878 2877
f 2877 2878 2909
f 2878 2910 2909
f 2909 2910 2941
f 2910 2942 2941
f 2941 2942 2973
f 2942 2974 2973
f 2973 2974 3005
f 2974 3006 3005
f 3005 3006 3037
f 3006 3038 3037
f 3037 3038 3069
f 3038 3070 3069
f 3069 3070 3098
f 2553 2559 2558
f 2558 2559 2590
f 2559 2591 2590
f 2590 2591 2622
f 2591 2623 2622
f 2622 2623 2654
f 2623 2655 2654
f 2654 2655 2686
f 2655 2687 2686
f 2686 2687 2718
f 2687 2719 2718
f 2718 2719 2750
f 2719 2751 2750
f 2750 2751 2782
f 2751 2783 2782
f 2782 2783 2814
f 2783 2815 2814
f 2814 2815 2846
f 2815 2847 2846
f 2846 2847 2878
f 2847 2879 2878
f 2878 2879 2910
f 2879 2911 2910
f 2910 2911 2942
f 2911 2943 2942
f 2942 2943 2974
f 2943 2975 2974
f 2974 2975 3006
f 2975 3007 3006
f 3006 3007 3038
f 3007 3039 3038
f 3038 3039 3070
f 3039 3071 3070
f 3070 3071 3098
f 2553 2560 2559
f 2559 2560 2591
f 2560 2592 2591
f 2591 2592 2623
f 2592 2624 2623
f 2623 2624 2655
f 2624 2656 2655
f 2655 2656 2687
f 2656 2688 2687
f 2687 2688 2719
f 2688 2720 2719
f 2719 2720 2751
f 2720 2752 2751
f 2751 2752 2783
f 2752 2784 2783
f 2783 2784 2815
f 2784 2816 2815
f 2815 2816 2847
f 2816 2848 2847
f 2847 2848 2879
f 2848 2880 2879
f 2879 2880 2911
f 2880 2912 2911
f 2911 2912 2943
f 2912 2944 2943
f 2943 2944 2975
f 2944 2976 2975
f 2975 2976 3007
f 2976 3008 3007
f 3007 3008 3039
f 3008 3040 3039
f 3039 3040 3071
f 3040 3072 3071
f 3071 3072 3098
f 2553 2561 2560
f 2560 2561 2592
f 2561 2593 2592
f 2592 2593 2624
f 2593 2625 2624
f 2624 2625 2656
f 2625 2657 2656
f 2656 2657 2688
f 2657 2689 2688
f 2688 2689 2720
f 2689 2721 2720
f 2720 2721 2752
f 2721 2753 2752
f 2752 2753 2784
f 2753 2785 2784
f 2784 2785 2816
f 2785 2817 2816
f 2816 2817 2848
f 2817 2849 2848
f 2848 2849 2880
f 2849 2881 2880
f 2880 2881 2912
f 2881 2913 2912
f 2912 2913 2944
f 2913 2945 2944
f 2944 2945 2976
f 2945 2977 2976
f 2976 2977 3008
f 2977 3009 3008
f 3008 3009 3040
f 3009 3041 3040
f 3040 3041 3072
f 3041 3073 3072
f 3072 3073 3098
f 2553 2562 2561
f 2561 2562 2593
f 2562 2594 2593
f 2593 2594 2625
f 2594 2626 2625
f 2625 2626 2657
f 2626 2658 2657
f 2657 2658 2689
f 2658 2690 2689
f 2689 2690 2721
f 2690 2722 2721
f 2721 2722 2753
f 2722 2754 2753
f 2753 2754 2785
f 2754 2786 2785
f 2785 2786 2817
f 2786 2818 2817
f 2817 2818 2849
f 2818 2850 2849
f 2849 2850 2881
f 2850 2882 2881
f 2881 2882 2913
f 2882 2914 2913
f 2913 2914 2945
f 2914 2946 2945
f 2945 2946 2977
f 2946 2978 2977
f 2977 2978 3009
f 2978 3010 3009
f 3009 3010 3041
f 3010 3042 3041
f 3041 3042 3073
f 3042 3074 3073
f 3073 3074 3098
f 2553 2563 2562
f 2562 2563 2594
f 2563 2595 2594
f 2594 2595 2626
f 2595 2627 2626
f 2626 2627 2658
f 2627 2659 2658
f 2658 2659 2690
f 2659 2691 2690
f 2690 2691 2722
f 2691 2723 2722
f 2722 2723 2754
f 2723 2755 2754
f 2754 2755 2786
f 2755 2787 2786
f 2786 2787 2818
f 2787 2819 2818
f 2818 2819 2850
f 2819 2851 2850
f 2850 2851 2882
f 2851 2883 2882
f 2882 2883 2914
f 2883 2915 2914
f 2914 2915 2946
f 2915 2947 2946
f 2946 2947 2978
f 2947 2979 2978
f 2978 2979 3010
f 2979 3011 3010
f 3010 3011 3042
f 3011 3043 3042
f 3042 3043 3074
f 3043 3075 3074
f 3074 3075 3098
f 2553 2564 2563
f 2563 2564 2595
f 2564 2596 2595
f 2595 2596 2627
f 2596 2628 2627
f 2627 2628 2659
f 2628 2660 2659
f 2659 2660 2691
f 2660 2692 2691
f 2691 2692 2723
f 2692 2724 2723
f 2723 2724 2755
f 2724 2756 2755
f 2755 2756 2787
f 2756 2788 2787
f 2787 2788 2819
f 2788 2820 2819
f 2819 2820 2851
f 2820 2852 2851
f 2851 2852 2883
f 2852 2884 2883
f 2883 2884 2915
f 2884 2916 2915
f 2915 2916 2947
f 2916 2948 2947
f 2947 2948 2979
f 2948 2980 2979
f 2979 2980 3011
f 2980 3012 3011
f 3011 3012 3043
f 3012 3044 3043
f 3043 3044 3075
f 3044 3076 3075
f 3075 3076 3098
f 2553 2565 2564
f 2564 2565 2596
f 2565 2597 2596
f 2596 2597 2628
f 2597 2629 2628
f 2628 2629 2660
f 2629 2661 2660
f 2660 2661 2692
f 2661 2693 2692
f 2692 2693 2724
f 2693 2725 2724
f 2724 2725 2756
f 2725 2757 2756
f 2756 2757 2788
f 2757 2789 2788
f 2788 2789 2820
f 2789 2821 2820
f 2820 2821 2852
f 2821 2853 2852
f 2852 2853 2884
f 2853 2885 2884
f 2884 2885 2916
f 2885 2917 2916
f 2916 2917 2948
f 2917 2949 2948
f 2948 2949 2980
f 2949 2981 2980
f 2980 2981 3012
f 2981 3013 3012
f 3012 3013 3044
f 3013 3045 3044
f 3044 3045 3076
f 3045 3077 3076
f 3076 3077 3098
f 2553 2566 2565
f 2565 2566 2597
f 2566 2598 2597
f 2597 2598 2629
f 2598 2630 2629
f 2629 2630 2661
f 2630 2662 2661
f 2661 2662 2693
f 2662 2694 2693
f 2693 2694 2725
f 2694 2726 2725
f 2725 2726 2757
f 2726 2758 2757
f 2757 2758 2789
f 2758 2790 2789
f 2789 2790 2821
f 2790 2822 2821
f 2821 2822 2853
f 2822 2854 2853
f 2853 2854 2885
f 2854 2886 2885
f 2885 2886 2917
f 2886 2918 2917
f 2917 2918 2949
f 2918 2950 2949
f 2949 2950 2981
f 2950 2982 2981
f 2981 2982 3013
f 2982 3014 3013
f 3013 3014 3045
f 3014 3046 3045
f 3045 3046 3077
f 3046 3078 3077
f 3077 3078 3098
f 2553 2567 2566
f 2566 2567 2598
f 2567 2599 2598
f 2598 2599 2630
f 2599 2631 2630
f 2630 2631 2662
f 2631 2663 2662
f 2662 2663 2694
f 2663 2695 2694
f 2694 2695 2726
f 2695 2727 2726
f 2726 2727 2758
f 2727 2759 2758
f 2758 2759 2790
f 2759 2791 2790
f 2790 2791 2822
f 2791 2823 2822
f 2822 2823 2854
f 2823 2855 2854
f 2854 2855 2886
f 2855 2887 2886
f 2886 2887 2918
f 2887 2919 2918
f 2918 2919 2950
f 2919 2951 2950
f 2950 2951 2982
f 2951 2983 2982
f 2982 2983 3014
f 2983 3015 3014
f 3014 3015 3046
f 3015 3047 3046
f 3046 3047 3078
f 3047 3079 3078
f 3078 3079 3098
f 2553 2568 2567
f 2567 2568 2599
f 2568 2600 2599
f 2599 2600 2631
f 2600 2632 2631
f 2631 2632 2663
f 2632 2664 2663
f 2663 2664 2695
f 2664 2696 2695
f 2695 2696 2727
f 2696 2728 2727
f 2727 2728 2759
f 2728 2760 2759
f 2759 2760 2791
f 2760 2792 2791
f 2791 2792 2823
f 2792 2824 2823
f 2823 2824 2855
f 2824 2856 2855
f 2855 2856 2887
f 2856 2888 2887
f 2887 2888 2919
f 2888 2920 2919
f 2919 2920 2951
f 2920 2952 2951
f 2951 2952 2983
f 2952 2984 2983
f 2983 2984 3015
f 2984 3016 3015
f 3015 3016 3047
f 3016 3048 3047
f 3047 3048 3079
f 3048 3080 3079
f 3079 3080 3098
f 2553 2569 2568
f 2568 2569 2600
f 2569 2601 2600
f 2600 2601 2632
f 2601 2633 2632
f 2632 2633 2664
f 2633 2665 2664
f 2664 2665 2696
f 2665 2697 2696
f 2696 2697 2728
f 2697 2729 2728
f 2728 2729 2760
f 2729 2761 2760
f 2760 2761 2792
f 2761 2793 2792
f 2792 2793 2824
f 2793 2825 2824
f 2824 2825 2856
f 2825 2857 2856
f 2856 2857 2888
f 2857 2889 2888
f 2888 2889 2920
f 2889 2921 2920
f 2920 2921 2952
f 2921 2953 2952
f 2952 2953 2984
f 2953 2985 2984
f 2984 2985 3016
f 2985 3017 3016
f 3016 3017 3048
f 3017 3049 3048
f 3048 3049 3080
f 3049 3081 3080
f 3080 3081 3098
f 2553 2570 2569
f 2569 2570 2601
f 2570 2602 2601
f 2601 2602 2633
f 2602 2634 2633
f 2633 2634 2665
f 2634 2666 2665
f 2665 2666 2697
f 2666 2698 2697
f 2697 2698 2729
f 2698 2730 2729
f 2729 2730 2761
f 2730 2762 2761
f 2761 2762 2793
f 2762 2794 2793
f 2793 2794 2825
f 2794 2826 2825
f 2825 2826 2857
f 2826 2858 2857
f 2857 2858 2889
f 2858 2890 2889
f 2889 2890 2921
f 2890 2922 2921
f 2921 2922 2953
f 2922 2954 2953
f 2953 2954 2985
f 2954 2986 2985
f 2985 2986 3017
f 2986 3018 3017
f 3017 3018 3049
f 3018 3050 3049
f 3049 3050 3081
f 3050 3082 3081
f 3081 3082 3098
f 2553 2571 2570
f 2570 2571 2602
f 2571 2603 2602
f 2602 2603 2634
f 2603 2635 2634
f 2634 2635 2666
f 2635 2667 2666
f 2666 2667 2698
f 2667 2699 2698
f 2698 2699 2730
f 2699 2731 2730
f 2730 2731 2762
f 2731 2763 2762
f 2762 2763 2794
f 2763 2795 2794
f 2794 2795 2826
f 2795 2827 2826
f 2826 2827 2858
f 2827 2859 2858
f 2858 2859 2890
f 2859 2891 2890
f 2890 2891 2922
f 2891 2923 2922
f 2922 2923 2954
f 2923 2955 2954
f 2954 2955 2986
f 2955 2987 2986
f 2986 2987 3018
f 2987 3019 3018
f 3018 3019 3050
f 3019 3051 3050
f 3050 3051 3082
f 3051 3083 3082
f 3082 3083 3098
f 2553 2572 2571
f 2571 2572 2603
f 2572 2604 2603
f 2603 2604 2635
f 2604 2636 2635
f 2635 2636 2667
f 2636 2668 2667
f 2667 2668 2699
f 2668 2700 2699
f 2699 2700 2731
f 2700 2732 2731
f 2731 2732 2763
f 2732 2764 2763
f 2763 2764 2795
f 2764 2796 2795
f 2795 2796 2827
f 2796 2828 2827
f 2827 2828 2859
f 2828 2860 2859
f 2859 2860 2891
f 2860 2892 2891
f 2891 2892 2923
f 2892 2924 2923
f 2923 2924 2955
f 2924 2956 2955
f 2955 2956 2987
f 2956 2988 2987
f 2987 2988 3019
f 2988 3020 3019
f 3019 3020 3051
f 3020 3052 3051
f 3051 3052 3083
f 3052 3084 3083
f 3083 3084 3098
f 2553 2573 2572
f 2572 2573 2604
f 2573 2605 2604
f 2604 2605 2636
f 2605 2637 2636
f 2636 2637 2668
f 2637 2669 2668
f 2668 2669 2700
f 2669 2701 2700
f 2700 2701 2732
f 2701 2733 2732
f 2732 2733 2764
f 2733 2765 2764
f 2764 2765 2796
f 2765 2797 2796
f 2796 2797 2828
f 2797 2829 2828
f 2828 2829 2860
f 2829 2861 2860
f 2860 2861 2892
f 2861 2893 2892
f 2892 2893 2924
f 2893 2925 2924
f 2924 2925 2956
f 2925 2957 2956
f 2956 2957 2988
f 2957 2989 2988
f 2988 2989 3020
f 2989 3021 3020
f 3020 3021 3052
f 3021 3053 3052
f 3052 3053 3084
f 3053 3085 3084
f 3084 3085 3098
f 2553 2574 2573
f 2573 2574 2605
f 2574 2606 2605
f 2605 2606 2637
f 2606 2638 2637
f 2637 2638 2669
f 2638 2670 2669
f 2669 2670 2701
f 2670 2702 2701
f 2701 2702 2733
f 2702 2734 2733
f 2733 2734 2765
f 2734 2766 2765
f 2765 2766 2797
f 2766 2798 2797
f 2797 2798 2829
f 2798 2830 2829
f 2829 2830 2861
f 2830 2862 2861
f 2861 2862 2893
f 2862 2894 2893
f 2893 2894 2925
f 2894 2926 2925
f 2925 2926 2957
f 2926 2958 2957
f 2957 2958 2989
f 2958 2990 2989
f 2989 2990 3021
f 2990 3022 3021
f 3021 3022 3053
f 3022 3054 3053
f 3053 3054 3085
f 3054 3086 3085
f 3085 3086 3098
f 2553 2575 2574
f 2574 2575 2606
f 2575 2607 2606
f 2606 2607 2638
f 2607 2639 2638
f 2638 2639 2670
f 2639 2671 2670
f 2670 2671 2702
f 2671 2703 2702
f 2702 2703 2734
f 2703 2735 2734
f 2734 2735 2766
f 2735 2767 2766
f 2766 2767 2798
f 2767 2799 2798
f 2798 2799 2830
f 2799 2831 2830
f 2830 2831 2862
f 2831 2863 2862
f 2862 2863 2894
f 2863 2895 2894
f 2894 2895 2926
f 2895 2927 2926
f 2926 2927 2958
f 2927 2959 2958
f 2958 2959 2990
f 2959 2991 2990
f 2990 2991 3022
f 2991 3023 3022
f 3022 3023 3054
f 3023 3055 3054
f 3054 3055 3086
f 3055 3087 3086
f 3086 3087 3098
f 2553 2576 2575
f 2575 2576 2607
f 2576 2608 2607
f 2607 2608 2639
f 2608 2640 2639
f 2639 2640 2671
f 2640 2672 2671
f 2671 2672 2703
f 2672 2704 2703
f 2703 2704 2735
f 2704 2736 2735
f 2735 2736 2767
f 2736 2768 2767
f 2767 2768 2799
f 2768 2800 2799
f 2799 2800 2831
f 2800 2832 2831
f 2831 2832 2863
f 2832 2864 2863
f 2863 2864 2895
f 2864 2896 2895
f 2895 2896 2927
f 2896 2928 2927
f 2927 2928 2959
f 2928 2960 2959
f 2959 2960 2991
f 2960 2992 2991
f 2991 2992 3023
f 2992 3024 3023
f 3023 3024 3055
f 3024 3056 3055
f 3055 3056 3087
f 3056 3088 3087
f 3087 3088 3098
f 2553 2577 2576
f 2576 2577 2608
f 2577 2609 2608
f 2608 2609 2640
f 2609 2641 2640
f 2640 2641 2672
f 2641 2673 2672
f 2672 2673 2704
f 2673 2705 2704
f 2704 2705 2736
f 2705 2737 2736
f 2736 2737 2768
f 2737 2769 2768
f 2768 2769 2800
f 2769 2801 2800
f 2800 2801 2832
f 2801 2833 2832
f 2832 2833 2864
f 2833 2865 2864
f 2864 2865 2896
f 2865 2897 2896
f 2896 2897 2928
f 2897 2929 2928
f 2928 2929 2960
f 2929 2961 2960
f 2960 2961 2992
f 2961 2993 2992
f 2992 2993 3024
f 2993 3025 3024
f 3024 3025 3056
f 3025 3057 3056
f 3056 3057 3088
f 3057 3089 3088
f 3088 3089 3098
f 2553 2578 2577
f 2577 2578 2609
f 2578 2610 2609
f 2609 2610 2641
f 2610 2642 2641
f 2641 2642 2673
f 2642 2674 2673
f 2673 2674 2705
f 2674 2706 2705
f 2705 2706 2737
f 2706 2738 2737
f 2737 2738 2769
f 2738 2770 2769
f 2769 2770 2801
f 2770 2802 2801
f 2801 2802 2833
f 2802 2834 2833
f 2833 2834 2865
f 2834 2866 2865
f 2865 2866 2897
f 2866 2898 2897
f 2897 2898 2929
f 2898 2930 2929
f 2929 2930 2961
f 2930 2962 2961
f 2961 2962 2993
f 2962 2994 2993
f 2993 2994 3025
f 2994 3026 3025
f 3025 3026 3057
f 3026 3058 3057
f 3057 3058 3089
f 3058 3090 3089
f 3089 3090 3098
f 2553 2579 2578
f 2578 2579 2610
f 2579 2611 2610
f 2610 2611 2642
f 2611 2643 2642
f 2642 2643 2674
f 2643 2675 2674
f 2674 2675 2706
f 2675 2707 2706
f 2706 2707 2738
f 2707 2739 2738
f 2738 2739 2770
f 2739 2771 2770
f 2770 2771 2802
f 2771 2803 2802
f 2802 2803 2834
f 2803 2835 2834
f 2834 2835 2866
f 2835 2867 2866
f 2866 2867 2898
f 2867 2899 2898
f 2898 2899 2930
f 2899 2931 2930
f 2930 2931 2962
f 2931 2963 2962
f 2962 2963 2994
f 2963 2995 2994
f 2994 2995 3026
f 2995 3027 3026
f 3026 3027 3058
f 3027 3059 3058
f 3058 3059 3090
f 3059 3091 3090
f 3090 3091 3098
f 2553 2580 2579
f 2579 2580 2611
f 2580 2612 2611
f 2611 2612 2643
f 2612 2644 2643
f 2643 2644 2675
f 2644 2676 2675
f 2675 2676 2707
f 2676 2708 2707
f 2707 2708 2739
f 2708 2740 2739
f 2739 2740 2771
f 2740 2772 2771
f 2771 2772 2803
f 2772 2804 2803
f 2803 2804 2835
f 2804 2836 2835
f 2835 2836 2867
f 2836 2868 2867
f 2867 2868 2899
f 2868 2900 2899
f 2899 2900 2931
f 2900 2932 2931
f 2931 2932 2963
f 2932 2964 2963
f 2963 2964 2995
f 2964 2996 2995
f 2995 2996 3027
f 2996 3028 3027
f 3027 3028 3059
f 3028 3060 3059
f 3059 3060 3091
f 3060 3092 3091
f 3091 3092 3098
f 2553 2581 2580
f 2580 2581 2612
f 2581 2613 2612
f 2612 2613 2644
f 2613 2645 2644
f 2644 2645 2676
f 2645 2677 2676
f 2676 2677 2708
f 2677 2709 2708
f 2708 2709 2740
f 2709 2741 2740
f 2740 2741 2772
f 2741 2773 2772
f 2772 2773 2804
f 2773 2805 2804
f 2804 2805 2836
f 2805 2837 2836
f 2836 2837 2868
f 2837 2869 2868
f 2868 2869 2900
f 2869 2901 2900
f 2900 2901 2932
f 2901 2933 2932
f 2932 2933 2964
f 2933 2965 2964
f 2964 2965 2996
f 2965 2997 2996
f 2996 2997 3028
f 2997 3029 3028
f 3028 3029 3060
f 3029 3061 3060
f 3060 3061 3092
f 3061 3093 3092
f 3092 3093 3098
f 2553 2582 2581
f 2581 2582 2613
f 2582 2614 2613
f 2613 2614 2645
f 2614 2646 2645
f 2645 2646 2677
f 2646 2678 2677
f 2677 2678 2709
f 2678 2710 2709
f 2709 2710 2741
f 2710 2742 2741
f 2741 2742 2773
f 2742 2774 2773
f 2773 2774 2805
f 2774 2806 2805
f 2805 2806 2837
f 2806 2838 2837
f 2837 2838 2869
f 2838 2870 2869
f 2869 2870 2901
f 2870 2902 2901
f 2901 2902 2933
f 2902 2934 2933
f 2933 2934 2965
f 2934 2966 2965
f 2965 2966 2997
f 2966 2998 2997
f 2997 2998 3029
f 2998 3030 3029
f 3029 3030 3061
f 3030 3062 3061
f 3061 3062 3093
f 3062 3094 3093
f 3093 3094 3098
f 2553 2583 2582
f 2582 2583 2614
f 2583 2615 2614
f 2614 2615 2646
f 2615 2647 2646
f 2646 2647 2678
f 2647 2679 2678
f 2678 2679 2710
f 2679 2711 2710
f 2710 2711 2742
f 2711 2743 2742
f 2742 2743 2774
f 2743 2775 2774
f 2774 2775 2806
f 2775 2807 2806
f 2806 2807 2838
f 2807 2839 2838
f 2838 2839 2870
f 2839 2871 2870
f 2870 2871 2902
f 2871 2903 2902
f 2902 2903 2934
f 2903 2935 2934
f 2934 2935 2966
f 2935 2967 2966
f 2966 2967 2998
f 2967 2999 2998
f 2998 2999 3030
f 2999 3031 3030
f 3030 3031 3062
f 3031 3063 3062
f 3062 3063 3094
f 3063 3095 3094
f 3094 3095 3098
f 2553 2584 2583
f 2583 2584 2615
f 2584 2616 2615
f 2615 2616 2647
f 2616 2648 2647
f 2647 2648 2679
f 2648 2680 2679
f 2679 2680 2711
f 2680 2712 2711
f 2711 2712 2743
f 2712 2744 2743
f 2743 2744 2775
f 2744 2776 2775
f 2775 2776 2807
f 2776 2808 2807
f 2807 2808 2839
f 2808 2840 2839
f 2839 2840 2871
f 2840 2872 2871
f 2871 2872 2903
f 2872 2904 2903
f 2903 2904 2935
f 2904 2936 2935
f 2935 2936 2967
f 2936 2968 2967
f 2967 2968 2999
f 2968 3000 2999
f 2999 3000 3031
f 3000 3032 3031
f 3031 3032 3063
f 3032 3064 3063
f 3063 3064 3095
f 3064 3096 3095
f 3095 3096 3098
f 2553 2585 2584
f 2584 2585 2616
f 2585 2617 2616
f 2616 2617 2648
f 2617 2649 2648
f 2648 2649 2680
f 2649 2681 2680
f 2680 2681 2712
f 2681 2713 2712
f 2712 2713 2744
f 2713 2745 2744
f 2744 2745 2776
f 2745 2777 2776
f 2776 2777 2808
f 2777 2809 2808
f 2808 2809 2840
f 2809 2841 2840
f 2840 2841 2872
f 2841 2873 2872
f 2872 2873 2904
f 2873 2905 2904
f 2904 2905 2936
f 2905 2937 2936
f 2936 2937 2968
f 2937 2969 2968
f 2968 2969 3000
f 2969 3001 3000
f 3000 3001 3032
f 3001 3033 3032
f 3032 3033 3064
f 3033 3065 3064
f 3064 3065 3096
f 3065 3097 3096
f 3096 3097 3098
f 2553 2554 2585
f 2585 2554 2617
f 2554 2586 2617
f 2617 2586 2649
f 2586 2618 2649
f 2649 2618 2681
f 2618 2650 2681
f 2681 2650 2713
f 2650 2682 2713
f 2713 2682 2745
f 2682 2714 2745
f 2745 2714 2777
f 2714 2746 2777
f 2777 2746 2809
f 2746 2778 2809
f 2809 2778 2841
f 2778 2810 2841
f 2841 2810 2873
f 2810 2842 2873
f 2873 2842 2905
f 2842 2874 2905
f 2905 2874 2937
f 2874 2906 2937
f 2937 2906 2969
f 2906 2938 2969
f 2969 2938 3001
f 2938 2970 3001
f 3001 2970 3033
f 2970 3002 3033
f 3033 3002 3065
f 3002 3034 3065
f 3065 3034 3097
f 3034 3066 3097
f 3097 3066 3098
usemtl white
f 3099 3101 3100
f 3100 3101 3116
f 3101 3117 3116
f 3116 3117 3132
f 3117 3133 3132
f 3132 3133 3148
f 3133 3149 3148
f 3148 3149 3164
f 3149 3165 3164
f 3164 3165 3180
f 3165 3181 3180
f 3180 3181 3196
f 3181 3197 3196
f 3196 3197 3212
f 3197 3213 3212
f 3212 3213 3228
f 3213 3229 3228
f 3228 3229 3244
f 3099 3102 3101
f 3101 3102 3117
f 3102 3118 3117
f 3117 3118 3133
f 3118 3134 3133
f 3133 3134 3149
f 3134 3150 3149
f 3149 3150 3165
f 3150 3166 3165
f 3165 3166 3181
f 3166 3182 3181
f 3181 3182 3197
f 3182 3198 3197
f 3197 3198 3213
f 3198 3214 3213
f 3213 3214 3229
f 3214 3230 3229
f 3229 3230 3244
f 3099 3103 3102
f 3102 3103 3118
f 3103 3119 3118
f 3118 3119 3134
f 3119 3135 3134
f 3134 3135 3150
f 3135 3151 3150
f 3150 3151 3166
f 3151 3167 3166
f 3166 3167 3182
f 3167 3183 3182
f 3182 3183 3198
f 3183 3199 3198
f 3198 3199 3214
f 3199 3215 3214
f 3214 3215 3230
f 3215 3231 3230
f 3230 3231 3244
f 3099 3104 3103
f 3103 3104 3119
f 3104 3120 3119
f 3119 3120 3135
f 3120 3136 3135
f 3135 3136 3151
f 3136 3152 3151
f 3151 3152 3167
f 3152 3168 3167
f 3167 3168 3183
f 3168 3184 3183
f 3183 3184 3199
f 3184 3200 3199
f 3199 3200 3215
f 3200 3216 3215
f 3215 3216 3231
f 3216 3232 3231
f 3231 3232 3244
f 3099 3105 3104
f 3104 3105 3120
f 3105 3121 3120
f 3120 3121 3136
f 3121 3137 3136
f 3136 3137 3152
f 3137 3153 3152
f 3152 3153 3168
f 3153 3169 3168
f 3168 3169 3184
f 3169 3185 3184
f 3184 3185 3200
f 3185 3201 3200
f 3200 3201 3216
f 3201 3217 3216
f 3216 3217 3232
f 3217 3233 3232
f 3232 3233 3244
f 3099 3106 3105
f 3105 3106 3121
f 3106 3122 3121
f 3121 3122 3137
f 3122 3138 3137
f 3137 3138 3153
f 3138 3154 3153
f 3153 3154 3169
f 3154 3170 3169
f 3169 3170 3185
f 3170 3186 3185
f 3185 3186 3201
f 3186 3202 3201
f 3201 3202 3217
f 3202 3218 3217
f 3217 3218 3233
f 3218 3234 3233
f 3233 3234 3244
f 3099 3107 3106
f 3106 3107 3122
f 3107 3123 3122
f 3122 3123 3138
f 3123 3139 3138
f 3138 3139 3154
f 3139 3155 3154
f 3154 3155 3170
f 3155 3171 3170
f 3170 3171 3186
f 3171 3187 3186
f 3186 3187 3202
f 3187 3203 3202
f 3202 3203 3218
f 3203 3219 3218
f 3218 3219 3234
f 3219 3235 3234
f 3234 3235 3244
f 3099 3108 3107
f 3107 3108 3123
f 3108 3124 3123
f 3123 3124 3139
f 3124 3140 3139
f 3139 3140 3155
f 3140 3156 3155
f 3155 3156 3171
f 3156 3172 3171
f 3171 3172 3187
f 3172 3188 3187
f 3187 3188 3203
f 3188 3204 3203
f 3203 3204 3219
f 3204 3220 3219
f 3219 3220 3235
f 3220 3236 3235
f 3235 3236 3244
f 3099 3109 3108
f 3108 3109 3124
f 3109 3125 3124
f 3124 3125 3140
f 3125 3141 3140
f 3140 3141 3156
f 3141 3157 3156
f 3156 3157 3172
f 3157 3173 3172
f 3172 3173 3188
f 3173 3189 3188
f 3188 3189 3204
f 3189 3205 3204
f 3204 3205 3220
f 3205 3221 3220
f 3220 3221 3236
f 3221 3237 3236
f 3236 3237 3244
f 3099 3110 3109
f 3109 3110 3125
f 3110 3126 3125
f 3125 3126 3141
f 3126 3142 3141
f 3141 3142 3157
f 3142 3158 3157
f 3157 3158 3173
f 3158 3174 3173
f 3173 3174 3189
f 3174 3190 3189
f 3189 3190 3205
f 3190 3206 3205
f 3205 3206 3221
f 3206 3222 3221
f 3221 3222 3237
f 3222 3238 3237
f 3237 3238 3244
f 3099 3111 3110
f 3110 3111 3126
f 3111 3127 3126
f 3126 3127 3142
f 3127 3143 3142
f 3142 3143 3158
f 3143 3159 3158
f 3158 3159 3174
f 3159 3175 3174
f 3174 3175 3190
f 3175 3191 3190
f 3190 3191 3206
f 3191 3207 3206
f 3206 3207 3222
f 3207 3223 3222
f 3222 3223 3238
f 3223 3239 3238
f 3238 3239 3244
f 3099 3112 3111
f 3111 3112 3127
f 3112 3128 3127
f 3127 3128 3143
f 3128 3144 3143
f 3143 3144 3159
f 3144 3160 3159
f 3159 3160 3175
f 3160 3176 3175
f 3175 3176 3191
f 3176 3192 3191
f 3191 3192 3207
f 3192 3208 3207
f 3207 3208 3223
f 3208 3224 3223
f 3223 3224 3239
f 3224 3240 3239
f 3239 3240 3244
f 3099 3113 3112
f 3112 3113 3128
f 3113 3129 3128
f 3128 3129 3144
f 3129 3145 3144
f 3144 3145 3160
f 3145 3161 3160
f 3160 3161 3176
f 3161 3177 3176
f 3176 3177 3192
f 3177 3193 3192
f 3192 3193 3208
f 3193 3209 3208
f 3208 3209 3224
f 3209 3225 3224
f 3224 3225 3240
f 3225 3241 3240
f 3240 3241 3244
f 3099 3114 3113
f 3113 3114 3129
f 3114 3130 3129
f 3129 3130 3145
f 3130 3146 3145
f 3145 3146 3161
f 3146 3162 3161
f 3161 3162 3177
f 3162 3178 3177
f 3177 3178 3193
f 3178 3194 3193
f 3193 3194 3209
f 3194 3210 3209
f 3209 3210 3225
f 3210 3226 3225
f 3225 3226 3241
f 3226 3242 3241
f 3241 3242 3244
f 3099 3115 3114
f 3114 3115 3130
f 3115 3131 3130
f 3130 3131 3146
f 3131 3147 3146
f 3146 3147 3162
f 3147 3163 3162
f 3162 3163 3178
f 3163 3179 3178
f 3178 3179 3194
f 3179 3195 3194
f 3194 3195 3210
f 3195 3211 3210
f 3210 3211 3226
f 3211 3227 3226
f 3226 3227 3242
f 3227 3243 3242
f 3242 3243 3244
f 3099 3100 3115
f 3115 3100 3131
f 3100 3116 3131
f 3131 3116 3147
f 3116 3132 3147
f 3147 3132 3163
f 3132 3148 3163
f 3163 3148 3179
f 3148 3164 3179
f 3179 3164 3195
f 3164 3180 3195
f 3195 3180 3211
f 3180 3196 3211
f 3211 3196 3227
f 3196 3212 3227
f 3227 3212 3243
f 3212 3228 3243
f 3243 3228 3244
usemtl pink
f 3245 3247 3246
f 3246 3247 3266
f 3247 3267 3266
f 3266 3267 3286
f 3267 3287 3286
f 3286 3287 3306
f 3287 3307 3306
f 3306 3307 3326
f 3307 3327 3326
f 3326 3327 3346
f 3327 3347 3346
f 3346 3347 3366
f 3347 3367 3366
f 3366 3367 3386
f 3367 3387 3386
f 3386 3387 3406
f 3387 3407 3406
f 3406 3407 3426
f 3407 3427 3426
f 3426 3427 3446
f 3427 3447 3446
f 3446 3447 3466
f 3245 3248 3247
f 3247 3248 3267
f 3248 3268 3267
f 3267 3268 3287
f 3268 3288 3287
f 3287 3288 3307
f 3288 3308 3307
f 3307 3308 3327
f 3308 3328 3327
f 3327 3328 3347
f 3328 3348 3347
f 3347 3348 3367
f 3348 3368 3367
f 3367 3368 3387
f 3368 3388 3387
f 3387 3388 3407
f 3388 3408 3407
f 3407 3408 3427
f 3408 3428 3427
f 3427 3428 3447
f 3428 3448 3447
f 3447 3448 3466
f 3245 3249 3248
f 3248 3249 3268
f 3249 3269 3268
f 3268 3269 3288
f 3269 3289 3288
f 3288 3289 3308
f 3289 3309 3308
f 3308 3309 3328
f 3309 3329 3328
f 3328 3329 3348
f 3329 3349 3348
f 3348 3349 3368
f 3349 3369 3368
f 3368 3369 3388
f 3369 3389 3388
f 3388 3389 3408
f 3389 3409 3408
f 3408 3409 3428
f 3409 3429 3428
f 3428 3429 3448
f 3429 3449 3448
f 3448 3449 3466
f 3245 3250 3249
f 3249 3250 3269
f 3250 3270 3269
f 3269 3270 3289
f 3270 3290 3289
f 3289 3290 3309
f 3290 3310 3309
f 3309 3310 3329
f 3310 3330 3329
f 3329 3330 3349
f 3330 3350 3349
f 3349 3350 3369
f 3350 3370 3369
f 3369 3370 3389
f 3370 3390 3389
f 3389 3390 3409
f 3390 3410 3409
f 3409 3410 3429
f 3410 3430 3429
f 3429 3430 3449
f 3430 3450 3449
f 3449 3450 3466
f 3245 3251 3250
f 3250 3251 3270
f 3251 3271 3270
f 3270 3271 3290
f 3271 3291 3290
f 3290 3291 3310
f 3291 3311 3310
f 3310 3311 3330
f 3311 3331 3330
f 3330 3331 3350
f 3331 3351 3350
f 3350 3351 3370
f 3351 3371 3370
f 3370 3371 3390
f 3371 3391 3390
f 3390 3391 3410
f 3391 3411 3410
f 3410 3411 3430
f 3411 3431 3430
f 3430 3431 3450
f 3431 3451 3450
f 3450 3451 3466
f 3245 3252 3251
f 3251 3252 3271
f 3252 3272 3271
f 3271 3272 3291
f 3272 3292 3291
f 3291 3292 3311
f 3292 3312 3311
f 3311 3312 3331
f 3312 3332 3331
f 3331 3332 3351
f 3332 3352 3351
f 3351 3352 3371
f 3352 3372 3371
f 3371 3372 3391
f 3372 3392 3391
f 3391 3392 3411
f 3392 3412 3411
f 3411 3412 3431
f 3412 3432 3431
f 3431 3432 3451
f 3432 3452 3451
f 3451 3452 3466
f 3245 3253 3252
f 3252 3253 3272
f 3253 3273 3272
f 3272 3273 3292
f 3273 3293 3292
f 3292 3293 3312
f 3293 3313 3312
f 3312 3313 3332
f 3313 3333 3332
f 3332 3333 3352
f 3333 3353 3352
f 3352 3353 3372
f 3353 3373 3372
f 3372 3373 3392
f 3373 3393 3392
f 3392 3393 3412
f 3393 3413 3412
f 3412 3413 3432
f 3413 3433 3432
f 3432 3433 3452
f 3433 3453 3452
f 3452 3453 3466
f 3245 3254 3253
f 3253 3254 3273
f 3254 3274 3273
f 3273 3274 3293
f 3274 3294 3293
f 3293 3294 3313
f 3294 3314 3313
f 3313 3314 3333
f 3314 3334 3333
f 3333 3334 3353
f 3334 3354 3353
f 3353 3354 3373
f 3354 3374 3373
f 3373 3374 3393
f 3374 3394 3393
f 3393 3394 3413
f 3394 3414 3413
f 3413 3414 3433
f 3414 3434 3433
f 3433 3434 3453
f 3434 3454 3453
f 3453 3454 3466
f 3245 3255 3254
f 3254 3255 3274
f 3255 3275 3274
f 3274 3275 3294
f 3275 3295 3294
f 3294 3295 3314
f 3295 3315 3314
f 3314 3315 3334
f 3315 3335 3334
f 3334 3335 3354
f 3335 3355 3354
f 3354 3355 3374
f 3355 3375 3374
f 3374 3375 3394
f 3375 3395 3394
f 3394 3395 3414
f 3395 3415 3414
f 3414 3415 3434
f 3415 3435 3434
f 3434 3435 3454
f 3435 3455 3454
f 3454 3455 3466
f 3245 3256 3255
f 3255 3256 3275
f 3256 3276 3275
f 3275 3276 3295
f 3276 3296 3295
f 3295 3296 3315
f 3296 3316 3315
f 3315 3316 3335
f 3316 3336 3335
f 3335 3336 3355
f 3336 3356 3355
f 3355 3356 3375
f 3356 3376 3375
f 3375 3376 3395
f 3376 3396 3395
f 3395 3396 3415
f 3396 3416 3415
f 3415 3416 3435
f 3416 3436 3435
f 3435 3436 3455
f 3436 3456 3455
f 3455 3456 3466
f 3245 3257 3256
f 3256 3257 3276
f 3257 3277 3276
f 3276 3277 3296
f 3277 3297 3296
f 3296 3297 3316
f 3297 3317 3316
f 3316 3317 3336
f 3317 3337 3336
f 3336 3337 3356
f 3337 3357 3356
f 3356 3357 3376
f 3357 3377 3376
f 3376 3377 3396
f 3377 3397 3396
f 3396 3397 3416
f 3397 3417 3416
f 3416 3417 3436
f 3417 3437 3436
f 3436 3437 3456
f 3437 3457 3456
f 3456 3457 3466
f 3245 3258 3257
f 3257 3258 3277
f 3258 3278 3277
f 3277 3278 3297
f 3278 3298 3297
f 3297 3298 3317
f 3298 3318 3317
f 3317 3318 3337
f 3318 3338 3337
f 3337 3338 3357
f 3338 3358 3357
f 3357 3358 3377
f 3358 3378 3377
f 3377 3378 3397
f 3378 3398 3397
f 3397 3398 3417
f 3398 3418 3417
f 3417 3418 3437
f 3418 3438 3437
f 3437 3438 3457
f 3438 3458 3457
f 3457 3458 3466
f 3245 3259 3258
f 3258 3259 3278
f 3259 3279 3278
f 3278 3279 3298
f 3279 3299 3298
f 3298 3299 3318
f 3299 3319 3318
f 3318 3319 3338
f 3319 3339 3338
f 3338 3339 3358
f 3339 3359 3358
f 3358 3359 3378
f 3359 3379 3378
f 3378 3379 3398
f 3379 3399 3398
f 3398 3399 3418
f 3399 3419 3418
f 3418 3419 3438
f 3419 3439 3438
f 3438 3439 3458
f 3439 3459 3458
f 3458 3459 3466
f 3245 3260 3259
f 3259 3260 3279
f 3260 3280 3279
f 3279 3280 3299
f 3280 3300 3299
f 3299 3300 3319
f 3300 3320 3319
f 3319 3320 3339
f 3320 3340 3339
f 3339 3340 3359
f 3340 3360 3359
f 3359 3360 3379
f 3360 3380 3379
f 3379 3380 3399
f 3380 3400 3399
f 3399 3400 3419
f 3400 3420 3419
f 3419 3420 3439
f 3420 3440 3439
f 3439 3440 3459
f 3440 3460 3459
f 3459 3460 3466
f 3245 3261 3260
f 3260 3261 3280
f 3261 3281 3280
f 3280 3281 3300
f 3281 3301 3300
f 3300 3301 3320
f 3301 3321 3320
f 3320 3321 3340
f 3321 3341 3340
f 3340 3341 3360
f 3341 3361 3360
f 3360 3361 3380
f 3361 3381 3380
f 3380 3381 3400
f 3381 3401 3400
f 3400 3401 3420
f 3401 3421 3420
f 3420 3421 3440
f 3421 3441 3440
f 3440 3441 3460
f 3441 3461 3460
f 3460 3461 3466
f 3245 3262 3261
f 3261 3262 3281
f 3262 3282 3281
f 3281 3282 3301
f 3282 3302 3301
f 3301 3302 3321
f 3302 3322 3321
f 3321 3322 3341
f 3322 3342 3341
f 3341 3342 3361
f 3342 3362 3361
f 3361 3362 3381
f 3362 3382 3381
f 3381 3382 3401
f 3382 3402 3401
f 3401 3402 3421
f 3402 3422 3421
f 3421 3422 3441
f 3422 3442 3441
f 3441 3442 3461
f 3442 3462 3461
f 3461 3462 3466
f 3245 3263 3262
f 3262 3263 3282
f 3263 3283 3282
f 3282 3283 3302
f 3283 3303 3302
f 3302 3303 3322
f 3303 3323 3322
f 3322 3323 3342
f 3323 3343 3342
f 3342 3343 3362
f 3343 3363 3362
f 3362 3363 3382
f 3363 3383 3382
f 3382 3383 3402
f 3383 3403 3402
f 3402 3403 3422
f 3403 3423 3422
f 3422 3423 3442
f 3423 3443 3442
f 3442 3443 3462
f 3443 3463 3462
f 3462 3463 3466
f 3245 3264 3263
f 3263 3264 3283
f 3264 3284 3283
f 3283 3284 3303
f 3284 3304 3303
f 3303 3304 3323
f 3304 3324 3323
f 3323 3324 3343
f 3324 3344 3343
f 3343 3344 3363
f 3344 3364 3363
f 3363 3364 3383
f 3364 3384 3383
f 3383 3384 3403
f 3384 3404 3403
f 3403 3404 3423
f 3404 3424 3423
f 3423 3424 3443
f 3424 3444 3443
f 3443 3444 3463
f 3444 3464 3463
f 3463 3464 3466
f 3245 3265 3264
f 3264 3265 3284
f 3265 3285 3284
f 3284 3285 3304
f 3285 3305 3304
f 3304 3305 3324
f 3305 3325 3324
f 3324 3325 3344
f 3325 3345 3344
f 3344 3345 3364
f 3345 3365 3364
f 3364 3365 3384
f 3365 3385 3384
f 3384 3385 3404
f 3385 3405 3404
f 3404 3405 3424
f 3405 3425 3424
f 3424 3425 3444
f 3425 3445 3444
f 3444 3445 3464
f 3445 3465 3464
f 3464 3465 3466
f 3245 3246 3265
f 3265 3246 3285
f 3246 3266 3285
f 3285 3266 3305
f 3266 3286 3305
f 3305 3286 3325
f 3286 3306 3325
f 3325 3306 3345
f 3306 3326 3345
f 3345 3326 3365
f 3326 3346 3365
f 3365 3346 3385
f 3346 3366 3385
f 3385 3366 3405
f 3366 3386 3405
f 3405 3386 3425
f 3386 3406 3425
f 3425 3406 3445
f 3406 3426 3445
f 3445 3426 3465
f 3426 3446 3465
f 3465 3446 3466
usemtl dark
f 3467 3468 3475
f 3468 3476 3475
f 3468 3469 3476
f 3469 3477 3476
f 3469 3470 3477
f 3470 3478 3477
f 3470 3471 3478
f 3471 3479 3478
f 3471 3472 3479
f 3472 3480 3479
f 3472 3473 3480
f 3473 3481 3480
f 3473 3474 3481
f 3474 3482 3481
f 3474 3467 3482
f 3467 3475 3482
f 3475 3476 3483
f 3476 3484 3483
f 3476 3477 3484
f 3477 3485 3484
f 3477 3478 3485
f 3478 3486 3485
f 3478 3479 3486
f 3479 3487 3486
f 3479 3480 3487
f 3480 3488 3487
f 3480 3481 3488
f 3481 3489 3488
f 3481 3482 3489
f 3482 3490 3489
f 3482 3475 3490
f 3475 3483 3490
f 3483 3484 3491
f 3484 3492 3491
f 3484 3485 3492
f 3485 3493 3492
f 3485 3486 3493
f 3486 3494 3493
f 3486 3487 3494
f 3487 3495 3494
f 3487 3488 3495
f 3488 3496 3495
f 3488 3489 3496
f 3489 3497 3496
f 3489 3490 3497
f 3490 3498 3497
f 3490 3483 3498
f 3483 3491 3498
f 3491 3492 3499
f 3492 3500 3499
f 3492 3493 3500
f 3493 3501 3500
f 3493 3494 3501
f 3494 3502 3501
f 3494 3495 3502
f 3495 3503 3502
f 3495 3496 3503
f 3496 3504 3503
f 3496 3497 3504
f 3497 3505 3504
f 3497 3498 3505
f 3498 3506 3505
f 3498 3491 3506
f 3491 3499 3506
f 3499 3500 3507
f 3500 3508 3507
f 3500 3501 3508
f 3501 3509 3508
f 3501 3502 3509
f 3502 3510 3509
f 3502 3503 3510
f 3503 3511 3510
f 3503 3504 3511
f 3504 3512 3511
f 3504 3505 3512
f 3505 3513 3512
f 3505 3506 3513
f 3506 3514 3513
f 3506 3499 3514
f 3499 3507 3514
f 3507 3508 3515
f 3508 3516 3515
f 3508 3509 3516
f 3509 3517 3516
f 3509 3510 3517
f 3510 3518 3517
f 3510 3511 3518
f 3511 3519 3518
f 3511 3512 3519
f 3512 3520 3519
f 3512 3513 3520
f 3513 3521 3520
f 3513 3514 3521
f 3514 3522 3521
f 3514 3507 3522
f 3507 3515 3522
f 3515 3516 3523
f 3516 3524 3523
f 3516 3517 3524
f 3517 3525 3524
f 3517 3518 3525
f 3518 3526 3525
f 3518 3519 3526
f 3519 3527 3526
f 3519 3520 3527
f 3520 3528 3527
f 3520 3521 3528
f 3521 3529 3528
f 3521 3522 3529
f 3522 3530 3529
f 3522 3515 3530
f 3515 3523 3530
f 3523 3524 3531
f 3524 3532 3531
f 3524 3525 3532
f 3525 3533 3532
f 3525 3526 3533
f 3526 3534 3533
f 3526 3527 3534
f 3527 3535 3534
f 3527 3528 3535
f 3528 3536 3535
f 3528 3529 3536
f 3529 3537 3536
f 3529 3530 3537
f 3530 3538 3537
f 3530 3523 3538
f 3523 3531 3538
f 3531 3532 3539
f 3532 3540 3539
f 3532 3533 3540
f 3533 3541 3540
f 3533 3534 3541
f 3534 3542 3541
f 3534 3535 3542
f 3535 3543 3542
f 3535 3536 3543
f 3536 3544 3543
f 3536 3537 3544
f 3537 3545 3544
f 3537 3538 3545
f 3538 3546 3545
f 3538 3531 3546
f 3531 3539 3546
f 3539 3540 3547
f 3540 3548 3547
f 3540 3541 3548
f 3541 3549 3548
f 3541 3542 3549
f 3542 3550 3549
f 3542 3543 3550
f 3543 3551 3550
f 3543 3544 3551
f 3544 3552 3551
f 3544 3545 3552
f 3545 3553 3552
f 3545 3546 3553
f 3546 3554 3553
f 3546 3539 3554
f 3539 3547 3554
f 3547 3548 3555
f 3548 3556 3555
f 3548 3549 3556
f 3549 3557 3556
f 3549 3550 3557
f 3550 3558 3557
f 3550 3551 3558
f 3551 3559 3558
f 3551 3552 3559
f 3552 3560 3559
f 3552 3553 3560
f 3553 3561 3560
f 3553 3554 3561
f 3554 3562 3561
f 3554 3547 3562
f 3547 3555 3562
f 3555 3556 3563
f 3556 3564 3563
f 3556 3557 3564
f 3557 3565 3564
f 3557 3558 3565
f 3558 3566 3565
f 3558 3559 3566
f 3559 3567 3566
f 3559 3560 3567
f 3560 3568 3567
f 3560 3561 3568
f 3561 3569 3568
f 3561 3562 3569
f 3562 3570 3569
f 3562 3555 3570
f 3555 3563 3570
f 3563 3564 3571
f 3564 3572 3571
f 3564 3565 3572
f 3565 3573 3572
f 3565 3566 3573
f 3566 3574 3573
f 3566 3567 3574
f 3567 3575 3574
f 3567 3568 3575
f 3568 3576 3575
f 3568 3569 3576
f 3569 3577 3576
f 3569 3570 3577
f 3570 3578 3577
f 3570 3563 3578
f 3563 3571 3578
f 3571 3572 3579
f 3572 3580 3579
f 3572 3573 3580
f 3573 3581 3580
f 3573 3574 3581
f 3574 3582 3581
f 3574 3575 3582
f 3575 3583 3582
f 3575 3576 3583
f 3576 3584 3583
f 3576 3577 3584
f 3577 3585 3584
f 3577 3578 3585
f 3578 3586 3585
f 3578 3571 3586
f 3571 3579 3586
f 3579 3580 3587
f 3580 3588 3587
f 3580 3581 3588
f 3581 3589 3588
f 3581 3582 3589
f 3582 3590 3589
f 3582 3583 3590
f 3583 3591 3590
f 3583 3584 3591
f 3584 3592 3591
f 3584 3585 3592
f 3585 3593 3592
f 3585 3586 3593
f 3586 3594 3593
f 3586 3579 3594
f 3579 3587 3594
f 3587 3588 3595
f 3588 3596 3595
f 3588 3589 3596
f 3589 3597 3596
f 3589 3590 3597
f 3590 3598 3597
f 3590 3591 3598
f 3591 3599 3598
f 3591 3592 3599
f 3592 3600 3599
f 3592 3593 3600
f 3593 3601 3600
f 3593 3594 3601
f 3594 3602 3601
f 3594 3587 3602
f 3587 3595 3602
f 3595 3596 3603
f 3596 3604 3603
f 3596 3597 3604
f 3597 3605 3604
f 3597 3598 3605
f 3598 3606 3605
f 3598 3599 3606
f 3599 3607 3606
f 3599 3600 3607
f 3600 3608 3607
f 3600 3601 3608
f 3601 3609 3608
f 3601 3602 3609
f 3602 3610 3609
f 3602 3595 3610
f 3595 3603 3610
f 3603 3604 3611
f 3604 3612 3611
f 3604 3605 3612
f 3605 3613 3612
f 3605 3606 3613
f 3606 3614 3613
f 3606 3607 3614
f 3607 3615 3614
f 3607 3608 3615
f 3608 3616 3615
f 3608 3609 3616
f 3609 3617 3616
f 3609 3610 3617
f 3610 3618 3617
f 3610 3603 3618
f 3603 3611 3618
f 3611 3612 3619
f 3612 3620 3619
f 3612 3613 3620
f 3613 3621 3620
f 3613 3614 3621
f 3614 3622 3621
f 3614 3615 3622
f 3615 3623 3622
f 3615 3616 3623
f 3616 3624 3623
f 3616 3617 3624
f 3617 3625 3624
f 3617 3618 3625
f 3618 3626 3625
f 3618 3611 3626
f 3611 3619 3626
f 3619 3620 3627
f 3620 3628 3627
f 3620 3621 3628
f 3621 3629 3628
f 3621 3622 3629
f 3622 3630 3629
f 3622 3623 3630
f 3623 3631 3630
f 3623 3624 3631
f 3624 3632 3631
f 3624 3625 3632
f 3625 3633 3632
f 3625 3626 3633
f 3626 3634 3633
f 3626 3619 3634
f 3619 3627 3634
